id,kno,sid,pid,t,pb,stats/b,stats/a,stats/p,stats/m/0,stats/m/1,stats/m/2,stats/m/3,stats/m/4,stats/m/5,stats/m/6,stats/m/7,stats/m/8,stats/f/0,stats/f/1,stats/f/2,stats/f/3,stats/f/4,stats/f/5,stats/f/6,stats/f/7,stats/f/8
00101,N.01,09,00100,TITI TINGGI,13403,13019,383,1,378,1507,1778,1189,860,743,363,96,30,417,1296,1554,1057,871,758,381,108,17
00102,N.02,09,00100,BESERI,12128,11793,330,5,412,1485,1537,869,759,645,322,75,16,334,1404,1456,845,798,668,343,135,25
00103,N.03,09,00100,CHUPING,14248,14247,0,1,477,1475,1707,1281,906,648,443,92,20,473,1462,1664,1287,865,806,475,142,25
00104,N.04,09,00100,MATA AYER,9662,8182,1478,2,224,1226,1490,751,532,413,223,69,6,238,946,1346,719,569,474,307,101,28
00105,N.05,09,00100,SANTAN,10751,10751,0,0,310,1066,1186,821,735,577,334,118,12,303,987,1246,865,775,754,445,188,29
00206,N.06,09,00200,BINTONG,16366,16365,0,1,573,1919,1805,1246,1039,787,423,122,14,580,1824,1890,1302,1112,970,545,191,24
00207,N.07,09,00200,SENA,15870,15537,332,1,527,1736,1934,1258,981,903,450,122,24,479,1733,1727,1302,1022,964,505,171,32
00208,N.08,09,00200,INDERA KAYANGAN,14465,14463,0,2,368,1436,1609,1149,861,952,498,125,40,416,1378,1619,1136,986,1090,570,193,39
00209,N.09,09,00200,KUALA PERLIS,14717,14690,26,1,485,1602,1782,1267,1034,791,382,90,23,474,1537,1640,1131,1092,839,391,126,31
00210,N.10,09,00200,KAYANG,13441,12782,658,1,398,1517,1737,1019,944,656,332,112,15,382,1418,1541,1039,996,735,424,154,22
00311,N.11,09,00300,PAUH,14797,14424,373,0,478,1645,1796,1162,1035,756,357,129,20,464,1561,1627,1155,1109,814,477,185,27
00312,N.12,09,00300,TAMBUN TULANG,13451,13381,69,1,414,1366,1450,1176,985,707,351,94,18,362,1373,1525,1152,1045,803,419,177,34
00313,N.13,09,00300,GUAR SANJI,11510,11508,0,2,323,1189,1212,949,872,607,300,78,16,337,1181,1239,988,956,700,387,152,24
00314,N.14,09,00300,SIMPANG EMPAT,10697,10679,17,1,327,1102,1147,909,750,579,283,86,16,337,1082,1195,941,788,645,356,140,14
00315,N.15,09,00300,SANGLANG,10421,10421,0,0,286,940,1057,898,822,638,303,88,14,312,922,1085,966,842,683,388,158,19
00401,N.01,02,00400,AYER HANGAT,32521,32236,285,0,1305,4347,3802,2827,2144,1226,520,153,24,1255,4181,3591,2913,2041,1361,605,194,32
00402,N.02,02,00400,KUAH,34256,33411,841,4,1411,4546,4087,3046,2440,1391,510,135,33,1369,4243,3721,2960,2200,1391,555,189,29
00503,N.03,02,00500,KOTA SIPUTEH,29785,29767,18,0,895,2988,3281,2652,2280,1573,786,221,35,862,2964,3198,2501,2248,1792,1042,404,63
00504,N.04,02,00500,AYER HITAM,37816,37797,17,2,1076,3623,4090,3363,2937,2107,1088,272,43,996,3534,4020,3279,2989,2394,1398,540,67
00605,N.05,02,00600,BUKIT KAYU HITAM,45801,44613,1186,2,1620,5503,5319,4000,3026,2175,1087,261,41,1537,4960,5087,3639,3111,2525,1394,458,58
00606,N.06,02,00600,JITRA,62416,61020,1381,15,2516,8137,7342,4627,3633,2880,1242,338,61,2352,7872,7201,4823,3949,3291,1552,537,63
00707,N.07,02,00700,KUALA NERANG,31329,31143,185,1,1000,3564,3695,2595,2173,1533,616,190,36,1021,3526,3701,2576,2193,1755,788,316,51
00708,N.08,02,00700,PEDU,28477,28455,21,1,898,2995,3293,2636,2058,1199,599,200,27,840,3198,3271,2559,2038,1420,887,332,27
00809,N.09,02,00800,BUKIT LADA,40563,40547,16,0,1375,4573,4582,3590,2866,1845,930,290,40,1224,4465,4557,3365,2827,2196,1255,507,76
00810,N.10,02,00800,BUKIT PINANG,36667,35155,1509,3,1077,4118,4390,3193,2342,1785,901,308,45,1005,3732,4173,3015,2651,2170,1265,423,74
00811,N.11,02,00800,DERGA,37608,36827,768,13,989,3958,4546,3154,2398,2164,1073,288,49,887,3636,4217,3082,2645,2526,1397,516,83
00912,N.12,02,00900,SUKA MENANTI,41917,41907,0,10,1118,4313,4885,3711,2628,2088,1098,302,63,1060,4295,4909,3660,2964,2753,1520,485,65
00913,N.13,02,00900,KOTA DARUL AMAN,26102,25394,703,5,426,1665,2533,2149,2107,2328,1363,380,244,410,1544,2096,1908,2122,2530,1595,574,128
00914,N.14,02,00900,ALOR MENGKUDU,37975,37971,0,4,1219,4340,4370,3107,2407,1906,874,242,43,1196,4277,4342,3096,2698,2239,1172,385,62
01015,N.15,02,01000,ANAK BUKIT,36325,36291,32,2,1067,3722,3888,3111,2572,1982,887,291,54,1051,3721,3946,3139,2805,2362,1212,446,69
01016,N.16,02,01000,KUBANG ROTAN,50078,50050,22,6,1601,5519,5717,4544,3249,2608,1161,310,56,1539,5433,5714,4306,3393,2874,1475,499,80
01017,N.17,02,01000,PENGKALAN KUNDOR,46097,46072,23,2,1470,5102,5205,4084,3015,2383,1097,314,47,1303,4948,5194,3938,3214,2855,1392,481,55
01118,N.18,02,01100,TOKAI,45265,45114,149,2,1326,4499,4868,4060,3320,2244,1165,336,50,1358,4558,4950,4055,3453,2744,1571,627,81
01119,N.19,02,01100,SUNGAI TIANG,49282,49257,24,1,1550,5289,5417,4365,3626,2359,1045,364,55,1544,5329,5499,4257,3632,2756,1471,630,94
01220,N.20,02,01200,SUNGAI LIMAU,34312,34311,0,1,966,3225,3408,3247,2793,1787,920,260,39,868,3241,3574,3263,2866,2106,1156,524,69
01221,N.21,02,01200,GUAR CHEMPEDAK,29983,29825,153,5,1001,3421,3230,2519,2176,1480,684,191,53,937,3317,3235,2476,2224,1752,874,342,71
01222,N.22,02,01200,GURUN,40706,40584,120,2,1500,4776,4334,3579,2876,1910,961,263,82,1422,4484,4198,3393,2896,2335,1166,448,83
01323,N.23,02,01300,BELANTEK,28147,27987,160,0,906,3059,3202,2539,2049,1354,565,195,41,861,2959,3215,2472,2107,1480,766,323,54
01324,N.24,02,01300,JENERI,34979,34973,4,2,1142,3719,4146,3319,2364,1593,754,170,38,1034,3645,4113,3244,2338,1900,1014,389,57
01425,N.25,02,01400,BUKIT SELAMBAU,78353,78042,298,13,3397,10455,8299,5861,4981,3702,1384,291,80,3291,10237,8576,6281,5303,4209,1507,430,69
01426,N.26,02,01400,TANJONG DAWAI,54091,49330,4758,3,1780,6648,6991,4962,3397,2194,1071,256,47,1683,5852,6342,4797,3527,2645,1349,460,90
01527,N.27,02,01500,PANTAI MERDEKA,51218,51186,29,3,1906,6661,5477,4021,3662,2257,923,228,39,1922,6423,5258,4081,3967,2611,1251,455,76
01528,N.28,02,01500,BAKAR ARANG,57589,57464,114,11,1764,6706,6341,4462,3683,3241,1394,362,125,1645,6457,6295,4684,4521,3616,1660,517,116
01529,N.29,02,01500,SIDAM,60040,60035,0,5,2745,7429,5840,4835,4035,2912,1199,346,78,2568,7450,5825,4968,4462,3153,1543,542,110
01630,N.30,02,01600,BAYU,47471,47226,243,2,1446,5040,5248,4268,3532,2398,1023,311,60,1354,5107,5429,4087,3498,2529,1427,617,97
01631,N.31,02,01600,KUPANG,42615,42587,25,3,1402,4666,4892,3762,2977,2058,854,240,60,1337,4752,4856,3702,3033,2334,1177,436,77
01632,N.32,02,01600,KUALA KETIL,42013,41983,27,3,1402,4856,4661,3616,3059,1855,752,273,75,1345,4734,4757,3598,3122,2228,1120,463,97
01733,N.33,02,01700,MERBAU PULAS,52601,52546,52,3,2501,7026,5018,4163,3646,2048,878,252,63,2443,6767,5125,4637,3815,2555,1201,386,77
01734,N.34,02,01700,LUNAS,81266,81230,24,12,3651,11108,8510,6197,5228,3528,1327,366,74,3458,10735,8291,6639,5886,3929,1622,594,123
01835,N.35,02,01800,KULIM,54003,52706,1290,7,1715,6259,6304,4419,3713,2749,1132,329,96,1743,6002,5867,4459,4047,3118,1438,502,111
01836,N.36,02,01800,BANDAR BAHARU,36138,35939,197,2,1099,3799,3915,3375,2683,1787,883,281,37,1025,3739,3760,3134,2766,2096,1181,505,73
01901,N.01,03,01900,PENGKALAN KUBOR,36278,36158,119,1,1198,3918,4196,3178,2654,1955,999,349,147,1203,3996,4077,2977,2449,1614,839,372,157
01902,N.02,03,01900,KELABORAN,38082,37845,237,0,1367,4424,4766,3210,2545,1842,724,178,84,1218,4430,4426,3090,2572,1856,935,315,100
01903,N.03,03,01900,PASIR PEKAN,38876,38851,13,12,1446,4953,4838,3246,2236,1571,704,147,21,1417,4805,4759,3225,2463,1833,859,290,63
01904,N.04,03,01900,WAKAF BHARU,36135,36094,39,2,1300,4129,4110,3021,2462,1756,798,205,58,1257,4161,4165,3047,2493,1817,948,334,74
02005,N.05,03,02000,KIJANG,30265,30244,18,3,1135,3697,3690,2727,1858,1156,528,110,39,1085,3661,3707,2696,1958,1335,633,207,43
02006,N.06,03,02000,CHEMPAKA,34385,32922,1457,6,1303,4531,4669,2920,1933,1202,548,94,33,1196,4182,4342,2856,2121,1520,668,222,45
02007,N.07,03,02000,PANCHOR,42332,41164,1155,13,1829,5806,5648,3173,2191,1528,602,115,30,1755,5808,5348,3231,2528,1708,775,212,45
02108,N.08,03,02100,TANJONG MAS,45385,45373,0,12,1523,5934,6379,3538,2414,1699,773,140,28,1462,5613,6016,3669,2761,2181,952,248,55
02109,N.09,03,02100,KOTA LAMA,33114,32256,855,3,624,2234,3355,2951,2846,2542,1327,391,154,555,2174,2938,2863,2897,2873,1670,574,146
02110,N.10,03,02100,BUNUT PAYONG,36951,36939,0,12,1079,4045,4572,3163,2440,1752,828,192,38,1050,4084,4399,3197,2600,2035,1072,331,74
02211,N.11,03,02200,TENDONG,31645,31634,11,0,1145,3717,3638,2636,2119,1421,719,192,46,1028,3670,3722,2637,2153,1528,853,333,88
02212,N.12,03,02200,PENGKALAN PASIR,33033,32953,79,1,1035,3605,3926,2923,2171,1629,738,195,57,950,3508,3957,2863,2294,1839,926,340,77
02213,N.13,03,02200,MERANTI,29866,29831,32,3,1018,3479,3484,2559,1907,1360,715,208,109,1000,3509,3446,2347,1997,1441,810,350,127
02314,N.14,03,02300,CHETOK,28976,28972,0,4,963,3217,3358,2397,1953,1392,651,174,36,929,3278,3453,2493,1948,1524,831,304,75
02315,N.15,03,02300,GUAL PERIOK,35814,35701,105,8,1268,4369,3977,3132,2565,1893,840,303,148,1262,4077,3949,2770,2384,1628,810,313,126
02316,N.16,03,02300,APAM PUTRA,28458,28161,294,3,1133,3472,3412,2226,1899,1364,593,151,48,1006,3446,3253,2198,1887,1344,708,248,70
02417,N.17,03,02400,SALOR,36133,36132,0,1,1191,4195,4369,3105,2334,1518,748,175,45,1207,4209,4205,3083,2485,1802,1036,355,71
02418,N.18,03,02400,PASIR TUMBOH,37175,37155,15,5,1573,4995,4639,2733,2038,1525,639,126,28,1475,5085,4572,2724,2290,1667,772,235,59
02419,N.19,03,02400,DEMIT,40332,40242,83,7,1589,5345,5282,3029,2185,1537,730,129,36,1536,5063,5098,3229,2558,1798,880,241,67
02520,N.20,03,02500,TAWANG,43101,43090,9,2,1747,5438,5302,3637,2550,1602,751,153,27,1685,5383,5346,3656,2680,1832,983,267,62
02521,N.21,03,02500,PANTAI IRAMA,40216,39977,234,5,1440,4768,5034,3383,2627,1670,678,131,29,1450,4708,5063,3470,2659,1887,896,271,52
02522,N.22,03,02500,JELAWAT,39866,39858,7,1,1475,4711,4917,3316,2460,1623,788,170,34,1345,4733,5034,3379,2611,1889,1018,299,64
02623,N.23,03,02600,MELOR,28285,28269,16,0,1038,3381,3394,2378,1851,1251,557,109,28,975,3301,3337,2423,1921,1394,684,218,45
02624,N.24,03,02600,KADOK,21636,21635,0,1,775,2531,2588,1823,1370,897,442,107,21,809,2461,2647,1850,1520,1037,563,165,30
02625,N.25,03,02600,KOK LANAS,35360,32316,3040,4,1163,4703,4992,3116,2064,1403,573,120,22,1165,4073,4352,2875,2300,1558,642,206,33
02726,N.26,03,02700,BUKIT PANAU,49934,49680,250,4,1878,6259,5739,4100,3214,2341,844,196,38,1890,6331,5909,4029,3535,2294,976,309,52
02727,N.27,03,02700,GUAL IPOH,25687,25669,18,0,820,2684,3085,2472,1715,1252,486,118,31,790,2766,3160,2372,1709,1371,608,217,31
02728,N.28,03,02700,KEMAHANG,23161,23148,12,1,684,2565,3241,2129,1239,962,566,65,11,701,2575,3228,2098,1293,1233,441,109,21
02829,N.29,03,02800,SELISING,28573,28565,6,2,1050,3426,3347,2421,1862,1200,548,137,18,1053,3423,3460,2333,1934,1354,710,244,53
02830,N.30,03,02800,LIMBONGAN,35270,35051,216,3,1375,4362,4229,2773,2158,1400,666,137,31,1324,4400,4272,2926,2333,1679,882,272,51
02831,N.31,03,02800,SEMERAK,26580,26552,27,1,931,3129,3116,2289,1766,1115,488,88,23,939,3146,3342,2294,1847,1202,612,208,45
02832,N.32,03,02800,GAAL,22647,22633,13,1,771,2490,2630,1936,1484,991,447,95,24,716,2628,2807,1927,1622,1164,646,224,45
02933,N.33,03,02900,PULAI CHONDONG,28088,28076,10,2,979,3253,3309,2309,1880,1416,516,122,31,869,3328,3239,2312,2011,1503,715,251,45
02934,N.34,03,02900,TEMANGAN,25935,25930,3,2,824,2969,3132,2220,1811,1139,532,138,18,778,2852,3177,2162,1788,1329,732,267,67
02935,N.35,03,02900,KEMUNING,34802,34543,255,4,1213,4038,4367,2967,2294,1518,632,139,26,1173,4038,4277,2995,2329,1691,816,232,57
03036,N.36,03,03000,BUKIT BUNGA,21748,20722,1026,0,686,2674,2470,1914,1532,1104,470,127,73,627,2490,2597,1866,1461,940,478,178,61
03037,N.37,03,03000,AIR LANAS,22382,22178,204,0,821,2694,2698,1936,1575,986,391,82,28,836,2654,2773,1951,1455,875,444,156,27
03038,N.38,03,03000,KUALA BALAH,15668,15001,666,1,498,1865,2072,1495,978,697,264,55,13,498,1767,1952,1379,970,685,352,105,23
03139,N.39,03,03100,MENGKEBANG,26774,26774,0,0,1005,3397,3358,2326,1698,1023,423,121,26,943,3335,3356,2180,1635,1169,566,170,43
03140,N.40,03,03100,GUCHIL,27781,27539,242,0,964,3213,3431,2429,1796,1373,557,127,31,940,3076,3286,2186,1975,1457,653,237,50
03141,N.41,03,03100,MANEK URAI,22546,22522,24,0,829,2719,2832,2161,1320,875,376,98,20,740,2658,3034,1985,1254,980,481,158,26
03142,N.42,03,03100,DABONG,15234,15219,14,1,570,1871,1991,1385,913,626,301,87,14,540,1874,1888,1190,875,666,311,117,15
03243,N.43,03,03200,NENGGIRI,19968,19956,12,0,872,2799,2663,1653,985,691,438,75,12,813,2714,2559,1473,946,829,364,72,10
03244,N.44,03,03200,PALOH,21064,21050,14,0,686,2621,3270,1681,722,969,558,39,5,678,2635,3224,1502,958,1152,332,28,4
03245,N.45,03,03200,GALAS,29222,28987,231,4,1378,4125,3755,2294,1698,1181,413,126,32,1370,4102,3453,2105,1636,1015,393,117,29
03301,N.01,11,03300,KUALA BESUT,26745,25356,1387,2,1012,3615,3651,2432,1579,915,399,61,21,937,3194,3275,2311,1611,1031,533,140,28
03302,N.02,11,03300,KOTA PUTERA,32303,32015,288,0,1344,4332,4144,2630,1803,1197,468,97,14,1296,4182,4100,2581,1973,1344,578,182,38
03303,N.03,11,03300,JERTIH,28927,28864,60,3,1098,3484,3583,2438,1801,1179,474,109,13,969,3514,3742,2481,1879,1309,621,199,34
03304,N.04,11,03300,HULU BESUT,23675,23656,17,2,855,2859,3105,2044,1419,974,418,77,16,795,2842,3099,1957,1500,997,534,158,26
03405,N.05,11,03400,JABI,24919,24919,0,0,898,3068,3098,2312,1592,878,383,84,19,861,3117,3241,2116,1550,1021,486,158,37
03406,N.06,11,03400,PERMAISURI,30464,30223,240,1,1149,4071,3958,2644,1738,1083,408,91,14,1137,3977,4005,2519,1836,1130,489,183,32
03407,N.07,11,03400,LANGKAP,22269,22251,18,0,787,2613,2951,2116,1320,768,461,82,10,719,2599,2901,2047,1269,894,514,181,37
03408,N.08,11,03400,BATU RAKIT,29642,29583,58,1,1030,3504,3925,2643,1655,1238,499,111,13,976,3461,3969,2532,1973,1325,573,187,28
03509,N.09,11,03500,TEPUH,30120,30113,4,3,1269,3898,3981,2402,1668,1091,453,104,8,1139,3923,3971,2427,1875,1204,495,193,19
03510,N.10,11,03500,BULUH GADING,27587,27587,0,0,999,3277,3563,2407,1682,1120,499,103,13,890,3183,3627,2522,1760,1175,525,213,29
03511,N.11,11,03500,SEBERANG TAKIR,27303,25706,1593,4,1114,4028,3871,2118,1355,987,362,69,9,1018,3608,3438,2111,1597,1096,396,112,14
03512,N.12,11,03500,BUKIT TUNGGAL,20942,20939,0,3,663,2444,2870,1924,1361,849,369,64,13,679,2304,2689,1829,1373,933,423,128,27
03613,N.13,11,03600,WAKAF MEMPELAM,34303,34296,0,7,1077,3835,4715,3143,2043,1329,589,143,13,1034,3787,4507,3140,2214,1642,810,247,35
03614,N.14,11,03600,BANDAR,22215,22139,71,5,399,1695,2407,1864,1859,1773,774,231,76,405,1581,2163,1884,2027,1771,901,332,73
03615,N.15,11,03600,LADANG,26268,24956,1304,8,660,2645,3611,2436,1850,1373,549,156,30,625,2382,3106,2248,1927,1600,745,280,45
03616,N.16,11,03600,BATU BURUK,40519,40487,28,4,1337,4808,5343,3545,2452,1652,730,150,21,1323,4636,5095,3553,2704,1991,891,261,27
03717,N.17,11,03700,ALUR LIMBAT,35638,35460,177,1,1339,4578,4712,2909,2036,1415,616,143,19,1281,4344,4559,2943,2230,1545,697,241,31
03718,N.18,11,03700,BUKIT PAYUNG,28553,28531,18,4,1135,3592,3660,2205,1678,1179,473,103,12,1015,3433,3677,2383,1949,1262,586,185,26
03719,N.19,11,03700,RU RENDANG,32587,32414,172,1,1263,4107,4376,2744,1944,1232,521,119,12,1105,3864,4160,2771,2054,1505,607,178,25
03720,N.20,11,03700,PENGKALAN BERANGAN,34978,34596,376,6,1257,4271,4574,2993,2253,1410,487,144,19,1173,4090,4583,2948,2324,1483,628,302,39
03821,N.21,11,03800,TELEMUNG,21369,21362,6,1,680,2566,2952,1836,1132,922,426,100,20,621,2423,2811,1862,1258,1017,486,215,42
03822,N.22,11,03800,MANIR,20531,20508,22,1,679,2338,2777,1790,1269,850,375,75,12,597,2258,2784,1795,1402,898,436,167,29
03823,N.23,11,03800,KUALA BERANG,21308,21115,192,1,702,2425,2776,1763,1343,982,444,100,18,628,2343,2776,1761,1420,1005,552,238,32
03824,N.24,11,03800,AJIL,24709,24696,12,1,793,2699,3445,2393,1356,1055,396,89,20,767,2681,3464,2243,1454,1150,501,169,34
03925,N.25,11,03900,BUKIT BESI,18102,18055,46,1,603,2124,2418,1632,1226,651,276,92,5,609,2142,2204,1621,1195,722,429,129,24
03926,N.26,11,03900,RANTAU ABANG,32922,32463,457,2,1360,4497,4347,2666,1947,1232,425,62,11,1381,4230,4194,2687,2027,1205,493,145,13
03927,N.27,11,03900,SURA,30130,30091,35,4,1007,3432,3683,2552,2169,1430,493,112,48,945,3297,3615,2550,2287,1545,678,233,54
03928,N.28,11,03900,PAKA,34405,34343,57,5,1432,4355,4616,3168,1830,1327,538,58,10,1362,4223,4527,3048,1867,1473,463,86,22
04029,N.29,11,04000,KEMASIK,28315,28279,33,3,1097,3398,3766,2661,1652,1267,438,95,14,1048,3299,3662,2416,1726,1243,396,119,18
04030,N.30,11,04000,KIJAL,29046,29023,23,0,1221,3562,3794,2550,1917,1160,387,65,10,1071,3456,3554,2534,1986,1188,414,147,30
04031,N.31,11,04000,CUKAI,38776,38460,310,6,1519,4485,4568,3258,2851,2004,791,135,61,1364,4299,4291,3392,2731,1885,847,249,46
04032,N.32,11,04000,AIR PUTIH,43286,43262,21,3,1801,5563,5847,3801,2305,1575,753,112,24,1773,5426,5579,3679,2397,1734,699,182,36
04101,N.01,07,04100,PENAGA,25229,25229,0,0,960,2940,2420,2231,1994,1087,508,135,21,897,2926,2538,2309,2070,1219,709,232,33
04102,N.02,07,04100,BERTAM,23881,23194,686,1,777,2463,2690,2154,1902,1275,574,151,37,661,2420,2433,2114,1796,1342,795,273,24
04103,N.03,07,04100,PINANG TUNGGAL,33971,33970,0,1,1471,4365,3434,2739,2327,1481,696,181,11,1461,4264,3518,2938,2308,1597,869,269,42
04204,N.04,07,04200,PERMATANG BERANGAN,28229,28189,38,2,1041,3290,3070,2289,1842,1230,620,180,22,1032,3323,3092,2538,2099,1497,769,260,35
04205,N.05,07,04200,SUNGAI DUA,27840,27787,52,1,992,3191,3007,2369,2063,1278,590,139,19,965,3056,2894,2543,2175,1504,784,244,27
04206,N.06,07,04200,TELOK AYER TAWAR,24799,22279,2517,3,630,2866,3447,2327,1604,1134,568,121,29,625,2315,2763,2197,1756,1359,770,254,34
04307,N.07,07,04300,SUNGAI PUYU,35765,35764,0,1,962,3273,3466,3354,3099,2262,1053,272,33,946,3009,3377,3392,3109,2426,1234,435,63
04308,N.08,07,04300,BAGAN JERMAL,32403,32400,0,3,795,2759,2931,3053,2720,2071,1153,269,68,776,2645,2852,2948,2834,2524,1459,456,90
04309,N.09,07,04300,BAGAN DALAM,21279,21100,179,0,399,1484,1928,1784,1940,1709,918,239,121,425,1420,1816,1768,1929,1918,1066,334,81
04410,N.10,07,04400,SEBERANG JAYA,48832,48101,726,5,1679,5439,5462,4157,3429,2541,1071,172,25,1608,5290,5021,4562,3715,3019,1295,311,36
04411,N.11,07,04400,PERMATANG PASIR,30380,30377,0,3,880,2832,3035,2764,2685,1847,801,171,38,832,2853,2955,2730,2674,1867,1040,318,58
04412,N.12,07,04400,PENANTI,27974,27934,36,4,912,2969,3089,2348,2090,1480,604,144,26,835,2972,3150,2294,2275,1650,793,304,39
04513,N.13,07,04500,BERAPIT,29059,29044,12,3,618,2184,2598,2546,2508,2174,1156,308,55,606,2180,2579,2582,2486,2453,1430,512,84
04514,N.14,07,04500,MACHANG BUBUK,55803,55768,30,5,2153,7188,5961,4627,3699,2451,1014,264,25,2087,6826,5925,4957,4104,2712,1311,439,60
04515,N.15,07,04500,PADANG LALANG,35957,35954,0,3,922,3018,3564,3269,2721,2293,1380,352,65,779,2853,3530,3292,2992,2755,1592,492,88
04616,N.16,07,04600,PERAI,20567,20522,45,0,463,1519,1968,1769,1705,1432,789,200,67,397,1509,1929,1855,1855,1818,934,292,66
04617,N.17,07,04600,BUKIT TENGAH,31213,31186,27,0,1159,3375,3272,2771,2341,1541,659,173,22,1045,3274,3236,2911,2493,1685,939,270,47
04618,N.18,07,04600,BUKIT TAMBUN,37032,36906,126,0,1296,4311,3731,3277,2788,1848,801,235,31,1299,4071,3647,3303,3027,1944,996,359,68
04719,N.19,07,04700,JAWI,36350,35855,492,3,1128,3988,3853,3212,2779,1768,882,242,51,1069,3728,3641,3366,3042,2032,1119,381,69
04720,N.20,07,04700,SUNGAI BAKAP,37781,37730,51,0,1602,4659,3883,3206,2557,1537,613,138,22,1499,4661,3908,3555,2880,1864,901,265,31
04721,N.21,07,04700,SUNGAI ACHEH,25931,25926,0,5,862,2928,2780,2236,1848,1181,602,117,20,821,2702,2840,2353,2047,1465,847,236,46
04822,N.22,07,04800,TANJONG BUNGA,29289,29031,252,6,686,2521,2556,2426,2361,1905,1129,392,73,708,2374,2517,2604,2591,2290,1488,539,129
04823,N.23,07,04800,AIR PUTIH,15379,15027,349,3,260,1039,1278,1371,1354,1157,732,220,63,225,858,1155,1247,1444,1449,973,451,103
04824,N.24,07,04800,KEBUN BUNGA,24528,24527,0,1,354,1325,1721,1999,2415,1999,1118,452,83,341,1400,1726,1997,2549,2358,1764,790,137
04825,N.25,07,04800,PULAU TIKUS,23325,22864,454,7,376,1517,1949,1751,1774,1631,1132,465,128,377,1505,1905,1895,2109,2103,1636,851,221
04926,N.26,07,04900,PADANG KOTA,15373,15267,106,0,151,603,807,1127,1462,1739,1054,423,543,148,526,731,944,1352,1733,1197,571,262
04927,N.27,07,04900,PENGKALAN KOTA,21743,21743,0,0,240,1125,1551,1783,2242,2262,1086,248,84,234,1087,1582,1731,2210,2389,1366,421,102
04928,N.28,07,04900,KOMTAR,15687,14888,797,2,124,659,1143,1172,1589,1842,1043,332,263,129,505,760,983,1403,1786,1259,527,168
05029,N.29,07,05000,DATOK KERAMAT,26886,26037,847,2,509,2001,2618,2313,2311,2005,1009,294,113,460,1757,2213,2304,2492,2355,1469,536,127
05030,N.30,07,05000,SUNGAI PINANG,33995,33992,0,3,861,2972,3389,2841,2686,2331,1075,238,61,848,2963,3365,2924,2809,2750,1384,428,70
05031,N.31,07,05000,BATU LANCANG,33108,33025,79,4,640,2410,2917,2980,2583,2246,1266,432,60,591,2230,2935,3227,3031,2870,1819,707,164
05132,N.32,07,05100,SERI DELIMA,31562,31482,67,13,702,2426,2750,2857,2384,1842,1304,516,91,712,2201,2612,2929,2808,2523,1927,801,177
05133,N.33,07,05100,AIR ITAM,23098,23017,78,3,495,1693,2062,1919,1864,1689,932,282,68,419,1574,1947,1873,2213,2121,1295,533,119
05134,N.34,07,05100,PAYA TERUBONG,62474,62463,0,11,1648,6105,6684,5954,4564,3191,1508,403,39,1599,5905,6422,6231,5357,4006,2117,655,86
05235,N.35,07,05200,BATU UBAN,43132,42818,301,13,1233,4194,4465,3872,3040,2384,1196,317,42,1112,3968,4529,4119,3629,2911,1552,493,76
05236,N.36,07,05200,PANTAI JEREJAK,29730,29641,79,10,704,2527,3141,2528,2173,2022,1007,198,29,671,2377,2939,2672,2585,2488,1248,352,69
05237,N.37,07,05200,BATU MAUNG,46778,44916,1854,8,1407,5119,5385,4261,3293,2326,985,230,29,1440,4572,5205,4446,3699,2762,1206,366,47
05338,N.38,07,05300,BAYAN LEPAS,38866,38716,144,6,1567,4765,4145,3157,2837,1874,775,177,39,1414,4510,3849,3362,2997,2177,880,297,44
05339,N.39,07,05300,PULAU BETONG,23578,22956,621,1,744,2623,2627,1991,1865,1232,589,170,38,602,2364,2372,2010,1897,1391,726,298,39
05340,N.40,07,05300,TELOK BAHANG,17820,17799,20,1,483,1644,1824,1602,1552,1048,501,113,32,502,1639,1757,1602,1581,1160,550,203,27
05401,N.01,08,05400,PENGKALAN HULU,20157,18494,1662,1,638,2699,2659,1756,1308,1017,363,113,33,620,2150,2372,1516,1299,953,442,179,40
05402,N.02,08,05400,TEMENGOR,27408,26260,1146,2,1074,3674,3586,2356,1759,1232,523,150,27,976,3259,3144,2010,1510,1267,586,242,33
05503,N.03,08,05500,KENERING,21596,21583,12,1,654,2261,2897,1996,1347,1044,504,115,31,620,2298,2857,1703,1299,1154,584,199,33
05504,N.04,08,05500,KOTA TAMPAN,15354,15315,39,0,368,1265,1729,1408,1109,887,488,150,40,346,1369,1737,1279,1116,1073,633,302,55
05605,N.05,08,05600,SELAMA,22339,22148,190,1,708,2547,2539,1920,1510,1131,453,160,23,687,2530,2537,1702,1588,1252,697,306,49
05606,N.06,08,05600,KUBU GAJAH,21358,21343,12,3,598,2253,2537,2033,1342,1048,529,140,33,583,2224,2530,1832,1408,1191,711,304,62
05607,N.07,08,05600,BATU KURAU,22022,21999,22,1,727,2329,2393,2014,1512,1083,547,140,29,610,2324,2529,1900,1578,1251,766,250,40
05708,N.08,08,05700,TITI SERONG,35900,35859,38,3,1107,3766,4059,3457,2684,1646,751,188,56,1073,3728,3879,3247,2612,2028,1184,364,71
05709,N.09,08,05700,KUALA KURAU,32602,32542,58,2,864,2972,3247,3214,3117,1949,899,233,76,758,2882,3073,2818,2721,1963,1281,454,81
05810,N.10,08,05800,ALOR PONGSU,28656,28636,18,2,972,3164,3194,2534,2131,1400,587,152,53,938,2945,3148,2487,2106,1584,900,300,61
05811,N.11,08,05800,GUNONG SEMANGGOL,27396,27103,292,1,903,3031,2973,2434,2201,1314,645,186,51,804,2864,2767,2292,1995,1483,992,398,63
05812,N.12,08,05800,SELINSING,24241,24223,18,0,739,2559,2755,2317,1848,1103,503,123,38,694,2504,2711,2154,1868,1240,774,258,53
05913,N.13,08,05900,KUALA SEPETANG,40222,40201,20,1,1220,4282,4499,3449,3008,2322,984,191,32,1199,4471,4469,3221,2868,2428,1123,378,78
05914,N.14,08,05900,CHANGKAT JERING,37003,36975,21,7,1047,4041,4557,3220,2222,1885,815,183,48,1046,3974,4585,3159,2619,2233,988,337,44
05915,N.15,08,05900,TRONG,17028,16991,37,0,454,1615,1991,1653,1297,891,464,150,52,417,1622,1906,1423,1159,999,638,250,47
06016,N.16,08,06000,KAMUNTING,39850,36730,3114,6,1027,4433,5157,3300,2353,2038,970,256,53,997,3926,5132,3204,2766,2500,1246,429,63
06017,N.17,08,06000,POKOK ASSAM,36513,35187,1317,9,728,3038,3758,2918,2519,2699,1635,514,148,674,2782,3483,2772,2722,3006,2032,885,200
06018,N.18,08,06000,AULONG,45203,45155,45,3,1194,4462,4870,3809,2976,2825,1476,449,93,1119,4397,4709,3599,3286,3126,1864,785,164
06119,N.19,08,06100,CHENDEROH,17782,17758,23,1,443,1703,1978,1594,1357,982,502,176,30,407,1616,1940,1516,1323,1173,650,323,69
06120,N.20,08,06100,LUBOK MERBAU,20904,20884,18,2,579,2137,2370,1822,1530,1186,543,178,47,546,1963,2270,1624,1517,1403,761,358,70
06221,N.21,08,06200,LINTANG,33107,33064,42,1,1032,3418,3584,2939,2528,1750,884,267,59,1059,3426,3468,2780,2315,2043,1026,456,73
06222,N.22,08,06200,JALONG,39288,39037,250,1,998,3712,3992,3728,3324,2329,1133,417,79,962,3481,3827,3549,3162,2447,1454,586,108
06323,N.23,08,06300,MANJOI,86266,86205,49,12,3165,9885,9580,7313,5543,4161,1969,421,71,3057,9965,9605,7550,5907,4998,2343,633,100
06324,N.24,08,06300,HULU KINTA,74292,69597,4685,10,2541,9093,8983,6100,5038,3700,1472,422,80,2319,8378,8339,6023,5344,3971,1782,608,99
06425,N.25,08,06400,CANNING,41021,40092,909,20,604,2487,3550,3799,3262,2812,2094,930,185,558,2385,3111,3563,3602,3578,2797,1372,332
06426,N.26,08,06400,TEBING TINGGI,37223,35658,1559,6,1081,3867,4681,3279,2427,2281,1004,327,176,1056,3635,4081,3032,2385,2207,1188,408,108
06427,N.27,08,06400,PASIR PINJI,39934,39841,82,11,577,2276,2998,3318,3415,3361,2214,873,170,542,2088,2757,3349,3585,3898,2866,1343,304
06528,N.28,08,06500,BERCHAM,52750,52637,106,7,1357,5511,5601,4709,4048,2820,1470,453,57,1306,5047,5496,4636,4446,3393,1669,657,74
06529,N.29,08,06500,KEPAYANG,25190,24484,704,2,375,1510,2028,1936,1919,2107,1567,652,229,348,1363,1915,1857,2032,2366,1837,885,264
06530,N.30,08,06500,BUNTONG,36714,36661,48,5,796,2849,3015,3180,3040,2699,1555,479,202,740,2780,2986,3171,3119,3152,1945,806,200
06631,N.31,08,06600,JELAPANG,35088,35029,55,4,920,3228,3368,3426,2966,1983,1060,372,47,884,3212,3249,3394,2867,2197,1345,481,89
06632,N.32,08,06600,MENGLEMBU,38689,38604,83,2,837,3173,3382,3682,3506,2817,1613,484,68,790,2925,3082,3388,3387,2921,1854,659,121
06633,N.33,08,06600,TRONOH,38119,37675,443,1,1099,3867,3480,3537,3248,2618,1205,467,96,1066,3557,3309,3148,2802,2366,1424,716,114
06734,N.34,08,06700,BUKIT CHANDAN,22194,21876,314,4,605,2288,2364,1947,1538,1332,556,218,85,592,2144,2266,1819,1673,1450,825,409,83
06735,N.35,08,06700,MANONG,24791,24771,18,2,682,2472,2863,2224,1738,1306,678,246,49,633,2338,2778,2147,1711,1557,894,399,76
06836,N.36,08,06800,PENGKALAN BAHARU,22573,22558,14,1,601,2129,2402,2173,1722,1328,688,189,58,529,1950,2444,1867,1604,1513,916,391,69
06837,N.37,08,06800,PANTAI REMIS,44432,44338,90,4,1241,4336,4742,4236,3519,2610,1380,350,62,1213,4101,4577,3783,3191,2787,1621,558,125
06838,N.38,08,06800,ASTAKA,41244,41163,74,7,1213,4077,4194,3650,3199,2538,1288,444,94,1150,3860,4014,3458,3076,2520,1617,687,165
06939,N.39,08,06900,BELANJA,17767,17740,26,1,359,1447,1852,1836,1434,1120,489,166,47,352,1332,1779,1634,1474,1229,763,393,61
06940,N.40,08,06900,BOTA,30148,29699,449,0,1085,3770,3623,2374,2025,1518,465,137,23,1086,3634,3521,2243,2099,1448,661,382,54
07041,N.41,08,07000,MALIM NAWAR,29701,29635,66,0,677,2367,2636,2731,2986,2274,1234,457,101,650,2270,2342,2333,2361,2173,1365,616,128
07042,N.42,08,07000,KERANJI,28248,27957,286,5,602,2393,2684,2573,2330,2002,1143,450,113,554,2100,2417,2375,2239,2088,1385,643,157
07043,N.43,08,07000,TUALANG SEKAH,31945,31919,26,0,838,2840,3337,2960,2568,1981,897,286,72,705,2851,3259,2802,2527,2204,1226,511,81
07144,N.44,08,07100,SUNGAI RAPAT,47931,46841,1082,8,1720,5934,5245,4041,3067,2289,903,253,37,1597,5669,5233,4081,3498,2646,1238,420,60
07145,N.45,08,07100,SIMPANG PULAI,62756,62682,58,16,1836,6815,6674,5106,4508,3508,1733,547,71,1776,6631,6657,5240,4920,3887,1981,750,116
07146,N.46,08,07100,TEJA,32970,32931,36,3,1062,3393,3263,2969,2645,1851,981,301,88,995,3293,3093,2865,2476,1970,1146,474,105
07247,N.47,08,07200,CHENDERIANG,30006,29021,981,4,813,3252,3455,2520,2176,1748,819,301,103,794,2974,3322,2297,2065,1808,967,486,106
07248,N.48,08,07200,AYER KUNING,31940,31277,663,0,870,3176,3733,2851,2302,1800,864,290,70,762,2980,3499,2703,2353,1965,1180,460,82
07349,N.49,08,07300,SUNGAI MANIK,35520,35469,47,4,1049,3721,4159,3267,2687,1817,929,243,61,1011,3466,3868,2990,2504,1938,1225,488,97
07350,N.50,08,07300,KAMPONG GAJAH,39241,39207,34,0,1245,4375,4807,3667,2597,1599,801,200,57,1211,4328,4716,3413,2527,1915,1260,443,80
07451,N.51,08,07400,PASIR PANJANG,62418,61892,516,10,2430,7904,7379,4825,4081,3228,1099,210,57,2376,7594,7087,4717,4431,3196,1354,378,72
07452,N.52,08,07400,PANGKOR,30554,22148,8403,3,762,4500,5241,3544,1545,1249,598,135,57,582,2263,3633,2760,1495,1273,644,227,46
07553,N.53,08,07500,RUNGKUP,19670,19638,30,2,418,1812,2374,1874,1505,1137,682,175,56,387,1524,2143,1547,1356,1255,979,376,70
07554,N.54,08,07500,HUTAN MELINTANG,38513,38424,88,1,1023,4093,4983,3456,2576,1923,938,237,76,986,3835,4580,3013,2725,2281,1294,402,92
07655,N.55,08,07600,PASIR BEDAMAR,39117,39110,0,7,722,3065,3918,3344,2914,2813,1680,510,169,715,2890,3729,3401,2987,3133,2123,806,198
07656,N.56,08,07600,CHANGKAT JONG,48105,47709,390,6,1532,5390,6071,3851,2978,2339,1059,264,79,1378,5385,5761,3784,3334,2823,1452,509,116
07757,N.57,08,07700,SUNGKAI,23375,23318,56,1,583,2255,2435,2043,1778,1454,881,268,62,606,2066,2386,1870,1677,1546,982,396,87
07758,N.58,08,07700,SLIM,30581,30285,296,0,734,2709,4179,3233,1685,1390,1112,176,47,724,2539,3880,2908,1701,2028,1223,274,39
07759,N.59,08,07700,BEHRANG,39917,39784,131,2,1258,4445,4789,3565,2632,1893,1045,316,118,1249,4184,4505,3279,2515,2301,1248,463,112
07801,N.01,06,07800,TANAH RATA,26838,26493,340,5,773,2792,3104,2239,1970,1665,764,205,90,763,2656,2870,2145,1900,1700,801,308,93
07802,N.02,06,07800,JELAI,19182,19168,13,1,881,2574,2232,1703,1192,558,343,159,24,881,2452,2127,1646,1069,654,479,185,23
07903,N.03,06,07900,PADANG TENGKU,19407,19384,23,0,667,2382,2464,1601,1232,942,373,102,14,606,2314,2397,1451,1276,971,445,159,11
07904,N.04,06,07900,CHEKA,16822,15962,859,1,545,2106,2089,1323,1163,850,389,172,66,463,1688,1873,1182,1172,930,482,274,55
07905,N.05,06,07900,BENTA,10895,10875,19,1,301,942,1201,963,895,687,366,112,30,253,939,1172,838,803,738,415,203,37
08006,N.06,06,08000,BATU TALAM,19683,19664,19,0,542,2007,2665,1616,1192,1176,461,114,29,536,1998,2644,1444,1330,1193,489,203,44
08007,N.07,06,08000,TRAS,38329,37987,340,2,1035,3684,4225,3487,2973,2339,1375,435,72,991,3514,3756,3067,2706,2457,1506,612,95
08008,N.08,06,08000,DONG,17052,17030,18,4,452,1624,2097,1503,1394,972,421,123,29,398,1615,1984,1336,1334,993,509,226,42
08109,N.09,06,08100,TAHAN,20895,20836,58,1,735,2245,2595,2082,1369,759,489,115,18,750,2228,2474,2026,1300,900,601,182,27
08110,N.10,06,08100,DAMAK,34967,34667,295,5,1221,4143,4218,2937,2426,1705,891,265,48,1116,3916,3918,2706,2363,1712,978,352,52
08111,N.11,06,08100,PULAU TAWAR,31189,31187,2,0,886,2892,4355,3438,1688,1013,963,183,12,828,2808,4284,3186,1696,1563,1183,188,23
08212,N.12,06,08200,BESERAH,59370,58456,906,8,2656,7972,6928,4671,3794,2541,968,231,48,2545,7543,6515,4908,3936,2651,1066,340,57
08213,N.13,06,08200,SEMAMBU,61179,60075,1096,8,2644,8137,7372,4777,3510,2797,1032,193,31,2380,7629,7203,5022,4069,3056,993,293,41
08314,N.14,06,08300,TERUNTUM,30854,29284,1560,10,601,2448,3408,2644,2563,2417,1328,418,123,567,2114,2749,2417,2485,2506,1457,507,102
08315,N.15,06,08300,TANJUNG LUMPUR,38185,38182,0,3,1522,4975,4538,2887,2265,1812,683,168,39,1432,4900,4470,2880,2702,1897,750,221,44
08316,N.16,06,08300,INDERAPURA,18558,18558,0,0,826,2373,1955,1607,1359,808,313,81,11,751,2186,2000,1603,1341,846,360,120,18
08417,N.17,06,08400,SUNGAI LEMBING,19130,19110,19,1,596,1831,2167,1877,1325,886,562,186,30,572,1840,2263,1844,1320,953,636,210,32
08418,N.18,06,08400,LEPAR,25728,25658,69,1,950,3011,3425,1733,1423,1617,512,85,19,902,3119,3519,1652,1782,1406,439,117,17
08419,N.19,06,08400,PANCHING,34886,34868,10,8,1403,4308,4167,3207,2130,1338,676,147,18,1366,4151,4131,3145,2161,1559,767,193,19
08520,N.20,06,08500,PULAU MANIS,30113,23587,6524,2,1184,4631,4874,2805,1453,826,367,87,17,1011,3323,3920,2640,1555,902,368,130,20
08521,N.21,06,08500,PERAMU JAYA,41915,41381,527,7,1602,5018,4917,3764,2737,1880,726,173,44,1389,4801,4898,3679,2994,1994,930,319,50
08522,N.22,06,08500,BEBAR,21294,21288,3,3,954,2718,2438,1877,1419,796,324,77,44,895,2707,2516,1783,1334,784,417,164,47
08523,N.23,06,08500,CHINI,26121,26109,12,0,698,2755,4300,2206,869,1413,562,68,13,675,2631,4406,2116,1346,1565,397,83,18
08624,N.24,06,08600,LUIT,16279,16087,192,0,560,1848,1948,1460,1253,737,339,102,26,507,1723,1895,1327,1164,743,464,164,19
08625,N.25,06,08600,KUALA SENTUL,17434,17423,9,2,550,1577,2086,2013,1330,445,481,176,19,533,1515,2015,1909,1060,638,874,203,10
08626,N.26,06,08600,CHENOR,19415,19394,21,0,585,1867,2331,1868,1523,778,440,158,20,552,1898,2223,1852,1438,838,707,300,37
08727,N.27,06,08700,JENDERAK,13994,13984,9,1,505,1484,1685,1452,922,526,309,69,24,439,1412,1682,1329,942,671,380,142,21
08728,N.28,06,08700,KERDAU,15184,15173,11,0,438,1577,1908,1405,919,752,371,92,23,404,1490,1935,1347,1041,890,395,169,28
08729,N.29,06,08700,JENGKA,31359,31335,23,1,953,2909,4404,3535,1478,914,1141,134,5,903,2803,4359,3344,1432,1752,1172,115,6
08830,N.30,06,08800,MENTAKAB,37269,37209,57,3,1348,4689,4274,2701,2363,2035,800,215,45,1229,4454,4229,2786,2738,2063,936,317,47
08831,N.31,06,08800,LANCHANG,32774,31617,1154,3,1027,3895,4338,2907,2006,1370,676,174,42,972,3513,4076,2924,2056,1711,760,277,50
08832,N.32,06,08800,KUALA SEMANTAN,36786,35445,1335,6,1357,4660,4558,3007,2431,1732,675,224,54,1243,4236,4391,2894,2416,1732,757,352,67
08933,N.33,06,08900,BILUT,24286,23544,737,5,636,2611,2748,2115,2000,1464,757,274,40,604,2180,2323,1851,1869,1477,891,396,50
08934,N.34,06,08900,KETARI,30758,30331,426,1,870,3050,3658,2700,2404,1884,844,236,36,812,2898,3453,2585,2260,1831,886,304,47
08935,N.35,06,08900,SABAI,15643,15626,14,3,457,1484,1684,1461,1268,884,411,157,41,455,1429,1660,1393,1146,919,570,195,29
08936,N.36,06,08900,PELANGAI,16371,16339,28,4,429,1450,2034,1633,1168,789,541,144,19,419,1481,1915,1467,1109,902,675,177,19
09037,N.37,06,09000,GUAI,24412,24397,14,1,686,2209,3165,2639,1571,999,756,167,16,657,2238,2967,2543,1404,1288,858,224,25
09038,N.38,06,09000,TRIANG,25891,25649,239,3,807,2572,2823,2582,2133,1382,735,255,27,735,2413,2635,2243,1960,1311,949,298,31
09039,N.39,06,09000,KEMAYAN,27366,23814,3547,5,909,3648,4408,2178,1282,1140,613,91,23,655,2770,4133,1993,1523,1325,568,87,20
09140,N.40,06,09100,BUKIT IBAM,31003,30674,329,0,938,3128,4660,3056,1256,1220,827,97,11,951,3150,4597,3025,1419,1808,780,69,11
09141,N.41,06,09100,MUADZAM SHAH,29663,29620,43,0,875,3413,4766,2274,1211,1607,626,50,17,980,3349,4612,2035,1599,1801,379,57,12
09142,N.42,06,09100,TIOMAN,28465,28200,262,3,1054,3684,3658,2234,1931,1204,484,117,28,1001,3554,3360,2223,1837,1272,597,191,36
09201,N.01,10,09200,SUNGAI AIR TAWAR,19961,19943,18,0,609,1974,2277,1785,1584,956,522,148,40,557,1958,2321,1617,1400,1127,764,272,50
09202,N.02,10,09200,SABAK,31648,31608,39,1,978,3407,3820,2586,2185,1576,684,187,63,959,3329,3745,2573,2386,1706,1068,334,62
09303,N.03,10,09300,SUNGAI PANJANG,40465,40164,300,1,1364,4884,5198,3357,2752,1713,761,165,47,1310,4636,4851,3222,2789,1863,1122,363,68
09304,N.04,10,09300,SEKINCHAN,23917,23890,25,2,574,2555,2897,2239,2026,1241,576,154,17,580,2250,2595,2086,1844,1250,710,273,50
09405,N.05,10,09400,HULU BERNAM,30189,30147,40,2,931,2899,3367,2681,2334,1520,771,282,59,848,2998,3359,2635,2256,1674,1126,398,51
09406,N.06,10,09400,KUALA KUBU BAHARU,39808,38930,877,1,1255,4430,4500,3303,3107,2180,872,268,73,1132,4247,4296,3192,3102,2323,1030,401,97
09407,N.07,10,09400,BATANG KALI,84320,83883,427,10,4305,12730,8079,5849,6029,3432,1035,240,51,3925,12013,8493,6767,6319,3393,1175,397,88
09508,N.08,10,09500,SUNGAI BURONG,31570,31540,27,3,1025,3539,3852,2887,2397,1421,603,145,48,953,3313,3621,2738,2252,1531,882,318,45
09509,N.09,10,09500,PERMATANG,30624,30622,0,2,963,3246,3594,2692,2248,1598,707,162,76,899,3080,3399,2679,2216,1751,937,317,60
09610,N.10,10,09600,BUKIT MELAWATI,37649,37288,358,3,1378,4531,4497,3100,2514,1763,726,168,67,1234,4330,4325,3148,2677,1908,936,289,58
09611,N.11,10,09600,IJOK,30344,30324,19,1,1004,3281,3422,2670,2307,1457,609,150,46,969,3304,3405,2722,2299,1541,851,262,45
09612,N.12,10,09600,JERAM,34958,34941,14,3,1857,5004,3342,2674,2489,1265,469,91,36,1780,4887,3488,2922,2477,1397,553,187,40
09713,N.13,10,09700,KUANG,44424,44390,33,1,2391,6469,4425,3239,2909,1648,608,130,30,2189,6241,4644,3777,2982,1782,733,191,36
09714,N.14,10,09700,RAWANG,75145,75030,105,10,3339,10017,7393,6026,5305,3529,1365,396,91,2976,9546,7619,6340,5552,3464,1554,524,109
09715,N.15,10,09700,TAMAN TEMPLER,61970,61461,506,3,2140,7004,7348,5049,4477,3297,1057,267,37,2103,6704,6958,5345,4902,3569,1337,338,38
09816,N.16,10,09800,SUNGAI TUA,48640,48457,179,4,1662,5124,5362,4500,3734,2540,1002,187,56,1558,4915,5388,4554,3685,2779,1259,295,40
09817,N.17,10,09800,GOMBAK SETIA,86963,86813,117,33,3318,10868,10568,6953,5436,4069,1667,288,42,3101,10351,10289,7105,5875,4760,1822,405,46
09818,N.18,10,09800,HULU KELANG,71141,70962,138,41,2166,7096,8143,6613,4891,3769,2045,447,50,1934,6668,7806,6458,5089,4911,2393,567,95
09919,N.19,10,09900,BUKIT ANTARABANGSA,68503,68170,305,28,2278,7053,6707,5705,5338,4016,1931,542,93,2119,6756,6725,6119,5579,4358,2256,794,134
09920,N.20,10,09900,LEMBAH JAYA,64991,64978,0,13,2089,7335,7597,5591,4490,3436,1314,250,29,1975,6994,7471,5698,4898,3946,1459,381,38
10021,N.21,10,10000,PANDAN INDAH,70260,69664,574,22,1965,7320,8565,6289,5221,3980,1378,258,45,1827,6859,7988,6280,5785,4480,1519,447,54
10022,N.22,10,10000,TERATAI,78470,78456,0,14,2313,8068,8565,7257,6086,4075,1547,354,35,2195,7749,8514,7527,6768,4884,1963,520,50
10123,N.23,10,10100,DUSUN TUA,73049,70785,2251,13,2527,8752,8835,6016,5093,3845,1471,362,59,2457,8279,8000,5826,5317,3957,1641,533,79
10124,N.24,10,10100,SEMENYIH,93853,93015,815,23,5157,13439,9387,7209,6048,3778,1192,274,53,4749,12910,9449,8024,6356,3821,1457,466,84
10225,N.25,10,10200,KAJANG,107100,106255,817,28,4413,13929,11763,8914,6912,4699,1888,469,62,4139,13269,11605,9292,7807,5222,2085,564,68
10226,N.26,10,10200,SUNGAI RAMAL,94255,93766,447,42,4814,13355,10651,7085,5735,3715,1293,148,22,4623,12838,10281,8035,6309,3923,1179,222,27
10227,N.27,10,10200,BALAKONG,102075,102029,25,21,4095,12964,10651,8215,6885,5001,1878,441,51,4056,12024,10575,8950,8016,5284,2210,686,93
10328,N.28,10,10300,SERI KEMBANGAN,61996,61872,115,9,1673,6108,6198,6024,5060,3776,1696,440,48,1590,5778,6182,5764,5184,3903,1860,651,61
10329,N.29,10,10300,SERI SERDANG,90865,90554,296,15,4376,11997,8851,8691,6556,3363,1325,299,43,4126,11309,8704,9182,6447,3648,1582,322,44
10430,N.30,10,10400,KINRARA,120415,119557,826,32,5178,14625,11555,10915,9840,5510,1868,484,41,4821,13808,11027,11756,10432,5536,2296,657,66
10431,N.31,10,10400,SUBANG JAYA,110525,109580,878,67,2696,10951,12272,8708,7845,7787,3202,591,69,2566,10161,11457,9310,9849,8994,3073,871,123
10532,N.32,10,10500,SERI SETIA,79246,75632,3596,18,2553,8666,9521,7323,5828,3830,1542,379,75,2314,7869,8343,7408,6398,4672,1922,535,68
10533,N.33,10,10500,TAMAN MEDAN,61585,61578,0,7,1853,6190,6611,6025,4731,3118,1438,321,65,1824,6074,6649,5833,4694,3881,1707,471,100
10534,N.34,10,10500,BUKIT GASING,54317,53591,714,12,816,2915,3795,4287,4740,4863,3221,1205,386,738,2678,3603,4228,5195,5453,3797,1912,485
10635,N.35,10,10600,KAMPUNG TUNKU,58510,58240,255,15,870,2891,3936,4952,5043,4770,3642,1518,227,790,2764,3792,5191,5562,5837,4543,1839,343
10636,N.36,10,10600,BANDAR UTAMA,72269,72055,197,17,1707,6050,6935,6486,5444,4934,2993,697,76,1520,5560,6614,6902,6054,6003,3221,886,187
10637,N.37,10,10600,BUKIT LANJAN,108324,108262,37,25,4317,13194,11447,9853,7610,4545,1721,459,44,4070,12346,11442,10859,8466,5100,2146,624,81
10738,N.38,10,10700,PAYA JARAS,70729,70120,595,14,3526,9992,8067,5562,4482,2683,918,161,67,3320,9591,7875,5810,4585,2855,955,244,36
10739,N.39,10,10700,KOTA DAMANSARA,87361,85539,1793,29,4376,11888,8973,7270,6352,3412,1160,269,43,4020,11142,8623,8156,6513,3440,1317,361,46
10840,N.40,10,10800,KOTA ANGGERIK,90996,89186,1758,52,4590,12313,10031,7355,5546,3839,1635,310,45,4238,11677,9458,7836,5661,4287,1732,389,54
10841,N.41,10,10800,BATU TIGA,74748,74738,0,10,2425,7766,8566,7054,5463,4051,1503,190,43,2213,7303,8458,7139,5770,4945,1522,280,57
10942,N.42,10,10900,MERU,64367,63909,453,5,2874,9014,7014,5274,4253,2369,805,148,38,2937,8702,6918,5721,4467,2568,992,231,42
10943,N.43,10,10900,SEMENTA,67782,67777,0,5,2949,9148,7500,5694,4688,2676,1048,219,54,2882,8571,7312,5818,4766,2872,1204,336,45
10944,N.44,10,10900,SELAT KLANG,57220,57178,38,4,2079,6621,6383,4949,4242,2812,1110,214,52,2011,6364,6062,5088,4442,3051,1340,344,56
11045,N.45,10,11000,BANDAR BARU KLANG,82340,82288,31,21,2193,7837,8065,7437,6340,5427,2579,670,138,2054,7280,7893,7523,6796,5837,3048,1028,195
11046,N.46,10,11000,PELABUHAN KLANG,50913,50485,426,2,2218,6133,5301,4858,3850,2170,871,185,69,1943,5738,5177,4890,3611,2468,1098,296,37
11047,N.47,10,11000,PANDAMARAN,75660,74839,809,12,1658,6090,7131,6930,6507,5558,2928,757,273,1596,5465,6519,6896,6521,6028,3410,1138,255
11148,N.48,10,11100,SENTOSA,88435,88419,0,16,3865,11986,9967,7417,5292,3121,1229,220,34,3743,11186,10026,8702,6161,3655,1462,338,31
11149,N.49,10,11100,SUNGAI KANDIS,76676,76663,0,13,3546,9845,8324,6465,4945,3139,1210,218,65,3421,9598,8574,6920,5125,3587,1335,308,51
11150,N.50,10,11100,KOTA KEMUNING,79601,79541,37,23,3971,10588,7588,6984,6226,3266,1072,209,37,3702,10168,7398,7224,6074,3511,1205,326,52
11251,N.51,10,11200,SIJANGKANG,60902,60868,30,4,2926,7914,6636,5305,3948,2319,866,214,89,2694,7515,6716,5547,4085,2550,1125,376,77
11252,N.52,10,11200,BANTING,44454,44412,37,5,1428,4700,4998,4300,3120,2328,945,229,59,1390,4486,4923,4136,3313,2530,1112,411,46
11253,N.53,10,11200,MORIB,43281,42258,1020,3,1649,5380,5305,3614,2722,1918,789,200,39,1499,5015,5033,3610,2927,2157,1040,328,56
11354,N.54,10,11300,TANJONG SEPAT,32114,32105,7,2,1034,3537,3550,2920,2498,1665,715,195,38,985,3328,3396,2748,2470,1676,934,362,63
11355,N.55,10,11300,DENGKIL,89739,89497,207,35,5026,12461,9234,7960,5675,3048,1119,296,80,4654,11766,9392,8345,5450,3337,1404,413,79
11356,N.56,10,11300,SUNGAI PELEK,46186,44536,1636,14,1776,5832,5460,3861,3246,2162,772,206,58,1837,5422,4880,3965,3230,2148,922,348,61
11400,N.00,14,11400,,94285,93994,283,8,2013,7275,7903,8769,9232,7279,3676,1106,119,1891,6750,7370,8411,9035,7382,4375,1465,234
11500,N.00,14,11500,,113863,110866,2978,19,3336,11945,13546,10108,7881,6328,2633,701,232,3244,11276,12558,9860,8510,7081,3282,1139,203
11600,N.00,14,11600,,120323,117500,2792,31,3205,12270,14933,10678,8101,6870,2624,602,119,2974,11100,14015,10676,9556,8145,3344,978,133
11700,N.00,14,11700,,119652,119339,249,64,3241,11241,12471,10227,8453,7420,3810,1127,302,3156,10739,12298,10787,9557,8691,4359,1463,310
11800,N.00,14,11800,,95753,83599,12115,39,2663,10562,13553,8586,6493,4966,1817,396,96,2397,9013,11213,8173,7057,5804,2183,649,132
11900,N.00,14,11900,,80747,78624,2105,18,2060,7365,8758,6934,6652,5424,2156,608,288,1813,6717,7972,6838,7135,6048,2834,924,221
12000,N.00,14,12000,,79782,77179,2594,9,1063,4184,5815,6559,8218,8698,4784,1586,834,1002,3522,4569,5932,7319,8065,5009,2035,588
12100,N.00,14,12100,,101828,92036,9768,24,2103,8700,13189,9997,8611,6576,2801,885,231,1982,7406,9680,9288,8259,7019,3673,1195,233
12200,N.00,14,12200,,124805,124374,401,30,3226,10786,11446,11380,9996,7845,4466,1453,202,3024,10399,10913,11842,11021,9000,5404,1999,403
12300,N.00,14,12300,,101184,100028,1141,15,1993,7226,8548,9236,9212,8376,4231,1247,263,1846,6688,7849,8851,9453,8909,4942,1930,384
12400,N.00,14,12400,,119185,114154,5011,20,4025,13440,14061,10809,8514,5531,2411,557,73,3578,12013,13033,11044,9270,6886,3024,824,92
12500,N.00,16,12500,,42881,41426,1386,69,1911,4587,6137,4632,2147,1467,293,25,1,1660,4420,6583,4756,2235,1720,274,32,1
12601,N.01,05,12600,CHENNAH,14561,14535,26,0,351,1177,1632,1355,1288,946,510,204,35,320,1033,1426,1237,1114,1042,602,252,37
12602,N.02,05,12600,PERTANG,12854,12840,13,1,286,1042,1565,1438,922,646,476,112,20,280,1033,1483,1257,835,807,484,140,28
12603,N.03,05,12600,SUNGAI LUI,19115,18615,499,1,443,1710,2825,2078,791,900,683,103,13,461,1592,2634,1907,805,1382,660,114,14
12604,N.04,05,12600,KLAWANG,13031,12828,201,2,351,1274,1339,1148,1029,864,341,149,36,333,1221,1280,1058,983,845,505,226,49
12705,N.05,05,12700,SERTING,30248,29957,289,2,784,3327,4618,1988,1460,1852,672,127,23,744,3257,4657,1956,1961,2026,570,198,28
12706,N.06,05,12700,PALONG,23546,23545,0,1,475,2001,3844,2173,546,1529,854,49,3,452,1986,3830,2055,885,2185,645,34,
12707,N.07,05,12700,JERAM PADANG,16284,16267,16,1,489,1536,1887,1538,985,806,469,99,26,478,1572,1936,1613,1059,1056,592,123,20
12708,N.08,05,12700,BAHAU,25735,25650,85,0,710,2471,2690,2187,1965,1632,815,278,49,674,2407,2676,2078,1949,1730,954,408,62
12809,N.09,05,12800,LENGGENG,26993,26928,58,7,960,3223,2922,1982,2000,1489,525,158,44,935,3263,2824,2059,2060,1500,721,277,51
12810,N.10,05,12800,NILAI,41123,40716,398,9,2034,5305,4123,3605,2908,1874,768,237,55,1841,5002,3989,3595,2675,1852,870,330,60
12811,N.11,05,12800,LOBAK,23264,23259,0,5,424,1605,2167,2156,1859,1677,903,313,79,426,1568,2122,2106,2039,1929,1236,518,137
12812,N.12,05,12800,TEMIANG,13121,12082,1035,4,224,980,1690,1167,1020,1044,556,152,49,229,763,1116,1056,995,1142,590,283,65
12813,N.13,05,12800,SIKAMAT,31821,31721,89,11,1190,3884,3633,2486,1854,1535,713,174,33,1162,3780,3669,2737,2128,1789,823,202,29
12814,N.14,05,12800,AMPANGAN,20922,20915,0,7,548,2011,2160,1772,1646,1320,551,183,58,516,1873,2071,1759,1734,1548,796,326,50
12915,N.15,05,12900,JUASSEH,13299,13296,0,3,388,1306,1407,1123,980,799,307,130,32,346,1358,1336,1057,1012,897,457,304,60
12916,N.16,05,12900,SERI MENANTI,10052,10026,26,0,254,868,934,955,847,640,260,112,26,256,854,895,844,815,696,432,302,62
12917,N.17,05,12900,SENALING,9896,9892,0,4,219,781,1170,907,662,725,337,107,23,220,764,1055,832,622,788,408,237,39
12918,N.18,05,12900,PILAH,17679,17360,317,2,471,1727,2032,1412,1287,1122,479,165,57,395,1664,1946,1339,1335,1257,619,324,48
12919,N.19,05,12900,JOHOL,12321,12301,19,1,348,1161,1221,1170,1043,752,351,129,23,301,1006,1200,1020,1029,771,448,289,59
13020,N.20,05,13000,LABU,29651,29632,12,7,1454,3992,2917,2255,2162,1341,436,136,45,1356,3849,2816,2501,2153,1384,565,228,61
13021,N.21,05,13000,BUKIT KEPAYANG,45177,44530,635,12,2041,5696,4401,3390,2814,2373,1213,353,129,1843,5608,4308,3632,3003,2552,1284,425,112
13022,N.22,05,13000,RAHANG,20359,18685,1667,7,304,1538,2126,1750,1663,1489,942,322,80,264,1181,1866,1817,1576,1682,1156,488,115
13023,N.23,05,13000,MAMBAU,28804,28775,23,6,682,2675,3242,2679,2086,1577,807,237,31,643,2589,3153,2674,2312,2003,996,366,52
13024,N.24,05,13000,SEREMBAN JAYA,31905,31901,0,4,1235,3647,3467,2674,2187,1570,594,193,27,1102,3726,3495,2903,2343,1689,733,273,47
13125,N.25,05,13100,PAROI,59554,58658,880,16,2759,8466,6516,4268,3506,2663,861,144,27,2609,8066,6627,4816,4133,2921,915,225,32
13126,N.26,05,13100,CHEMBONG,25376,25043,327,6,902,2927,2724,1874,1789,1374,488,164,53,854,2968,2638,1981,1955,1505,747,358,75
13127,N.27,05,13100,RANTAU,32139,31138,997,4,1114,3610,3679,2963,2231,1612,628,210,54,1007,3365,3560,2803,2295,1785,841,308,74
13128,N.28,05,13100,KOTA,16486,16469,13,4,399,1406,1799,1432,1351,1026,419,157,45,391,1405,1665,1358,1328,1123,719,390,73
13229,N.29,05,13200,CHUAH,15039,15007,29,3,352,1298,1581,1542,1304,939,457,149,28,367,1198,1395,1329,1236,1016,589,232,27
13230,N.30,05,13200,LUKUT,26466,26439,25,2,965,3171,2941,2250,1889,1278,533,148,30,904,3042,2805,2359,1912,1330,660,213,36
13231,N.31,05,13200,BAGAN PINANG,23184,18604,4579,1,1589,3511,2950,1700,1400,963,360,104,32,823,2576,2503,1679,1354,940,475,177,48
13232,N.32,05,13200,LINGGI,20387,18009,2376,2,444,2099,2681,1900,1396,1039,525,153,43,425,1743,2608,1824,1405,1193,639,220,50
13233,N.33,05,13200,SRI TANJUNG,19374,18999,370,5,520,1908,2047,1643,1319,1356,621,180,54,503,1774,1874,1662,1502,1383,726,251,51
13334,N.34,05,13300,GEMAS,29346,24483,4863,0,652,3678,4841,2794,1170,1325,688,127,34,649,2673,4388,2456,1231,1767,671,174,28
13335,N.35,05,13300,GEMENCHEH,24587,24555,29,3,678,2368,2737,2348,1949,1290,578,282,45,625,2297,2561,2147,1855,1462,916,412,37
13336,N.36,05,13300,REPAH,27166,26837,328,1,735,2898,3157,2262,1824,1611,697,194,40,718,2820,2972,2224,2050,1709,863,344,48
13401,N.01,04,13400,KUALA LINGGI,14791,14775,15,1,484,1541,1593,1382,1057,739,362,104,15,451,1588,1627,1283,1058,779,528,173,27
13402,N.02,04,13400,TANJUNG BIDARA,14019,14016,0,3,523,1773,1479,1108,1020,622,275,59,10,529,1681,1440,1159,1050,728,403,136,24
13403,N.03,04,13400,AYER LIMAU,15001,14987,11,3,429,1769,1679,1113,968,832,328,112,28,395,1668,1789,1137,1168,896,447,220,23
13404,N.04,04,13400,LENDU,14262,13983,279,0,482,1679,1617,1115,900,768,312,86,19,443,1555,1620,1149,1004,837,463,179,34
13405,N.05,04,13400,TABOH NANING,11101,11082,18,1,308,1087,1126,902,845,592,299,117,22,296,1107,1164,938,886,723,450,199,40
13506,N.06,04,13500,REMBIA,21894,21824,69,1,789,2584,2382,1770,1381,1039,488,138,20,744,2553,2457,1817,1551,1291,641,218,31
13507,N.07,04,13500,GADEK,16344,16300,44,0,439,1614,1673,1230,1181,1006,475,190,50,421,1501,1689,1264,1272,1221,742,312,64
13508,N.08,04,13500,MACHAP JAYA,15880,15497,383,0,427,1557,1804,1415,1369,993,403,141,26,424,1428,1565,1284,1268,980,510,247,39
13509,N.09,04,13500,DURIAN TUNGGAL,19189,19142,45,2,831,2312,2049,1679,1261,849,376,117,23,776,2235,2133,1645,1243,961,514,154,31
13510,N.10,04,13500,ASAHAN,20004,19986,17,1,554,1899,2239,1891,1419,1034,559,214,35,514,1892,2207,1819,1455,1181,756,292,44
13611,N.11,04,13600,SUNGAI UDANG,28257,18677,9579,1,818,5229,5345,2612,1298,708,248,66,7,670,2639,3960,2259,1212,779,291,100,16
13612,N.12,04,13600,PANTAI KUNDOR,20174,20163,9,2,599,2114,2203,1833,1387,1066,522,147,26,571,2033,2228,1797,1461,1228,676,249,34
13613,N.13,04,13600,PAYA RUMPUT,41144,41115,23,6,2148,5764,4137,3237,2611,1615,587,132,13,2064,5766,4391,3440,2692,1668,645,200,34
13614,N.14,04,13600,KELEBANG,26423,26406,10,7,798,2715,2882,2336,1795,1472,776,204,37,760,2588,2861,2297,1926,1659,952,315,50
13715,N.15,04,13700,PENGKALAN BATU,25559,25557,0,2,630,2362,2913,2247,1784,1459,738,189,37,587,2272,2902,2254,2045,1835,963,297,45
13716,N.16,04,13700,AYER KEROH,36058,35160,890,8,1264,4293,4202,2862,2380,1912,848,206,15,1220,3978,4001,2944,2536,2109,951,299,38
13717,N.17,04,13700,BUKIT KATIL,33563,33263,296,4,1115,3684,3794,2843,2152,1698,811,219,29,1104,3659,3702,3023,2402,1937,981,336,74
13718,N.18,04,13700,AYER MOLEK,23313,23296,15,2,828,2835,2589,1864,1540,1128,473,129,16,832,2725,2697,1909,1666,1268,565,214,35
13819,N.19,04,13800,KESIDANG,52151,52116,26,9,1779,5895,5699,4521,3445,2594,1203,297,30,1724,5816,5784,4702,3821,2923,1416,430,72
13820,N.20,04,13800,KOTA LAKSAMANA,34949,34923,19,7,586,2322,2969,3033,2859,2832,1597,532,121,537,2175,2880,3086,3083,3234,2025,904,174
13821,N.21,04,13800,DUYONG,24506,24501,0,5,827,2781,2634,1948,1619,1379,599,157,26,823,2737,2674,1961,1803,1535,714,248,41
13822,N.22,04,13800,BANDAR HILIR,24421,23805,612,4,340,1414,2022,2074,2117,2073,1284,428,136,341,1273,1843,2069,2152,2311,1634,735,175
13823,N.23,04,13800,TELOK MAS,28113,28095,14,4,1000,3193,3085,2329,1903,1308,642,188,41,960,3203,3101,2409,2011,1597,847,255,41
13924,N.24,04,13900,BEMBAN,24689,24488,198,3,824,2806,2770,2022,1649,1232,549,203,36,766,2769,2747,2086,1809,1351,724,305,41
13925,N.25,04,13900,RIM,17256,17244,10,2,503,1742,1745,1379,1359,1060,425,161,32,474,1718,1737,1437,1433,1141,605,271,34
13926,N.26,04,13900,SERKAM,20440,20440,0,0,679,2337,2210,1804,1378,973,454,98,15,700,2319,2291,1803,1476,1092,585,188,38
13927,N.27,04,13900,MERLIMAU,18469,18455,14,0,640,2076,1971,1493,1343,881,374,130,20,595,2101,1914,1668,1397,1047,577,214,28
13928,N.28,04,13900,SUNGAI RAMBAI,15354,15349,5,0,530,1701,1637,1304,1162,753,337,103,20,452,1676,1653,1318,1145,829,466,229,39
14001,N.01,01,14000,BULOH KASAP,28479,28467,10,2,751,3006,3637,2369,1816,1757,698,187,52,723,2851,3407,2225,1984,1882,768,291,75
14002,N.02,01,14000,JEMENTAH,40881,40000,877,4,951,3696,4464,3397,3190,2917,1446,438,97,910,3398,4105,3177,3136,3078,1635,733,113
14103,N.03,01,14100,PEMANIS,29969,29967,0,2,793,2847,3461,2793,1970,1744,966,223,28,777,2830,3364,2608,2069,2134,956,354,52
14104,N.04,01,14100,KEMELAH,34012,34011,0,1,1131,3920,4054,3028,2061,1474,901,213,24,1121,3856,3965,2884,2196,1851,951,340,42
14205,N.05,01,14200,TENANG,22560,22551,7,2,520,2167,2409,2206,1862,1228,652,229,43,572,1918,2380,1945,1825,1351,838,357,58
14206,N.06,01,14200,BEKOK,27286,27251,34,1,678,2460,2779,2513,2167,1784,976,295,83,620,2386,2741,2248,2105,1902,1026,432,91
14307,N.07,01,14300,BUKIT KEPONG,37509,37430,79,0,918,3557,4429,3129,2763,2491,965,383,86,882,3488,4268,2969,2763,2474,1119,698,127
14308,N.08,01,14300,BUKIT PASIR,32430,32405,24,1,1185,3833,3412,2735,2331,1574,713,269,52,1038,3641,3381,2731,2307,1711,907,521,89
14409,N.09,01,14400,GAMBIR,29548,29509,37,2,961,3110,3006,2564,2274,1624,742,312,49,888,2939,3121,2454,2322,1643,991,475,73
14410,N.10,01,14400,TANGKAK,35887,35590,294,3,1128,3782,3780,3049,2609,2050,1039,314,55,1105,3657,3709,3027,2667,2109,1241,489,77
14411,N.11,01,14400,SEROM,39142,39110,27,5,1238,4268,4274,3182,2792,2107,926,338,63,1134,4343,4276,3125,2879,2282,1204,606,105
14512,N.12,01,14500,BENTAYAN,34571,34559,12,0,717,2697,3132,2993,2814,2590,1374,504,132,681,2523,3120,2861,2862,2860,1753,798,160
14513,N.13,01,14500,SIMPANG JERAM,40197,40191,0,6,1384,4701,4589,3489,2491,1862,872,244,26,1230,4596,4620,3487,2819,2193,1155,378,61
14514,N.14,01,14500,BUKIT NANING,22567,21658,905,4,628,2251,2537,2142,1864,1315,531,176,28,528,2151,2218,1949,1854,1332,683,335,45
14615,N.15,01,14600,MAHARANI,38750,38199,543,8,1203,4178,4283,3274,2751,2132,1006,339,83,1094,3937,4097,3205,2729,2389,1313,594,143
14616,N.16,01,14600,SUNGAI BALANG,30175,30154,20,1,846,3269,3180,2672,2217,1643,756,274,67,894,3049,3321,2505,2143,1713,1023,489,114
14717,N.17,01,14700,SEMERAH,46652,46640,11,1,1299,4473,4461,3687,3809,3042,1459,490,133,1282,4474,4407,3701,3855,3220,1831,863,166
14718,N.18,01,14700,SRI MEDAN,32832,32794,32,6,1056,3640,3504,2742,2514,1691,709,262,57,1031,3617,3494,2755,2527,1697,960,505,71
14819,N.19,01,14800,YONG PENG,33186,33147,36,3,1047,3431,3498,2928,2589,1967,868,313,44,946,3361,3391,2767,2520,1962,1056,432,66
14820,N.20,01,14800,SEMARANG,27855,27841,12,2,951,3021,3018,2372,2165,1397,610,198,35,903,3086,2858,2384,2170,1446,814,362,65
14921,N.21,01,14900,PARIT YAANI,42267,42245,13,9,1674,5371,4708,3540,2733,1891,701,275,21,1477,5319,4573,3524,2977,2048,943,427,65
14922,N.22,01,14900,PARIT RAJA,36335,36245,83,7,1315,4451,3507,2887,2806,1878,808,300,48,1303,4141,3621,2884,2837,1984,1024,464,77
15023,N.23,01,15000,PENGGARAM,69241,68811,411,19,1819,6860,7599,6004,4996,3847,2030,642,92,1689,6625,7369,6006,5383,4537,2582,993,168
15024,N.24,01,15000,SENGGARANG,37547,36844,696,7,1268,4309,4063,3222,2874,2038,905,291,66,1133,3882,3903,3053,2787,1930,1174,533,116
15025,N.25,01,15000,RENGIT,27122,27100,15,7,830,2773,3030,2211,1999,1388,746,267,69,814,2787,2932,2184,2024,1524,1054,402,88
15126,N.26,01,15100,MACHAP,33941,33914,25,2,1159,3890,3780,2762,2461,1727,718,288,34,1089,3858,3792,2731,2500,1767,932,384,69
15127,N.27,01,15100,LAYANG-LAYANG,25092,24396,694,2,640,2461,2997,2238,1910,1417,708,263,66,607,2335,2568,2041,1940,1572,906,343,80
15228,N.28,01,15200,MENGKIBOL,66589,66531,46,12,1923,6764,6697,5718,4752,4273,2222,702,133,1741,6472,6641,5426,5120,4504,2443,887,171
15229,N.29,01,15200,MAHKOTA,65753,60336,5401,16,2022,7960,8262,5498,4299,3101,1552,421,87,1765,6928,7796,5422,4534,3581,1778,626,121
15330,N.30,01,15300,PALOH,25646,25612,31,3,637,2220,2931,2366,1942,1670,838,259,64,574,2195,2651,2264,1923,1731,951,359,71
15331,N.31,01,15300,KAHANG,29336,29319,13,4,778,2961,3977,2535,1567,1807,889,129,20,697,2919,4107,2383,1672,1993,693,173,36
15432,N.32,01,15400,ENDAU,27993,27959,30,4,933,3067,3336,2261,2009,1519,608,163,44,879,3153,3180,2207,2065,1470,746,293,60
15433,N.33,01,15400,TENGGAROH,38282,36630,1652,0,930,3967,6070,3350,1630,2264,1095,139,54,883,3580,5699,2970,1826,2664,865,234,62
15534,N.34,01,15500,PANTI,38758,38674,80,4,1476,4562,4638,3656,2243,1418,919,159,14,1482,4550,4658,3670,2404,1804,916,175,14
15535,N.35,01,15500,PASIR RAJA,28536,26581,1950,5,1097,3772,3343,2331,2100,1233,399,170,37,979,3311,3066,2336,2120,1226,587,385,44
15636,N.36,01,15600,SEDILI,28674,28661,13,0,754,2791,4142,2820,1475,1321,886,147,32,753,2695,3963,2645,1551,1676,866,138,19
15637,N.37,01,15600,JOHOR LAMA,32617,32230,386,1,791,2940,4073,3323,2103,1726,1063,301,55,804,2776,3926,2982,2163,1975,1253,296,67
15738,N.38,01,15700,PENAWAR,30101,30072,27,2,905,2816,3708,3593,1758,749,1003,276,6,921,2793,3643,3372,1710,1314,1380,150,4
15739,N.39,01,15700,TANJUNG SURAT,25215,24502,713,0,651,2395,3451,2825,1363,1146,1001,129,86,550,1980,3164,2468,1216,1684,818,183,105
15840,N.40,01,15800,TIRAM,107523,107438,80,5,5376,15025,11182,9136,7823,3954,1259,304,111,5123,14587,10748,9552,7530,3827,1383,494,109
15841,N.41,01,15800,PUTERI WANGSA,115778,115565,198,15,5760,15914,11939,10869,8073,3947,1414,333,59,5336,14935,11696,11231,7837,4213,1669,486,67
15942,N.42,01,15900,JOHOR JAYA,93122,91361,1743,18,3245,11163,10399,8154,7677,4553,1571,361,39,3009,10540,9533,8189,7724,4633,1764,490,78
15943,N.43,01,15900,PERMAS,105363,105063,292,8,4436,13905,11645,9351,7954,4502,1256,234,49,4377,13061,11125,9480,8002,4254,1374,312,46
16044,N.44,01,16000,LARKIN,75978,75358,601,19,1747,6659,8083,6712,5986,4930,2658,769,194,1698,6152,7554,6274,6211,5775,3157,1165,254
16045,N.45,01,16000,STULANG,60390,58988,1392,10,1207,4547,6144,5704,5071,4434,2469,773,198,1094,4058,5178,5128,4993,5006,3119,987,280
16146,N.46,01,16100,PERLING,102621,101527,1073,21,3928,11542,10743,10307,7277,4784,2431,680,379,3828,10675,9936,10245,6959,5187,2560,895,265
16147,N.47,01,16100,KEMPAS,62692,62634,47,11,1892,6482,6907,5731,4803,3329,1513,380,64,1749,6203,6563,5656,5256,3762,1776,527,99
16248,N.48,01,16200,SKUDAI,103487,102787,690,10,3018,10489,10962,9592,8662,6112,2453,507,79,2743,10080,10190,9382,8921,6720,2764,682,131
16249,N.49,01,16200,KOTA ISKANDAR,118950,118705,225,20,5575,16636,13011,10403,7773,4274,1438,318,64,5304,15648,13061,10859,8182,4207,1624,476,97
16350,N.50,01,16300,BUKIT PERMAI,40348,40343,0,5,1987,5273,4054,3605,2807,1514,710,183,37,1878,5059,3951,3747,2707,1729,761,284,62
16351,N.51,01,16300,BUKIT BATU,46729,46642,82,5,1889,5924,4772,4143,3390,1984,969,304,57,1791,5718,4730,4071,3476,1966,1032,438,75
16352,N.52,01,16300,SENAI,64170,63520,643,7,2128,6908,6326,5618,5354,3598,1847,605,86,1934,6531,5835,5596,5238,3735,1944,758,129
16453,N.53,01,16400,BENUT,28243,28229,11,3,818,2888,3262,2337,2106,1503,735,287,60,799,2894,3189,2304,2062,1425,1039,434,101
16454,N.54,01,16400,PULAI SEBATANG,46969,46897,69,3,1362,4782,5246,3936,3425,2706,1347,454,108,1271,4620,4906,3826,3524,2818,1782,700,156
16555,N.55,01,16500,PEKAN NANAS,36078,36051,24,3,1199,4010,3746,3195,2748,1899,997,324,62,1131,3712,3641,3171,2735,1846,1113,449,100
16556,N.56,01,16500,KUKUP,34601,34318,280,3,911,3501,3806,3028,2788,2191,1048,321,86,890,3187,3550,2772,2536,2111,1236,507,132
16600,N.00,15,16600,,44484,43034,1444,6,1690,5509,5685,3619,2997,2478,922,247,115,1535,4973,5201,3339,2803,2171,830,281,89
16701,N.01,12,16700,BANGGI,9127,9127,0,0,346,1128,980,675,520,401,183,103,132,371,1131,1028,629,482,404,231,207,176
16702,N.02,12,16700,BENGKOKA,17355,17355,0,0,737,2159,2170,1412,1024,667,300,186,165,718,2046,1935,1269,900,659,501,287,220
16703,N.03,12,16700,PITAS,16374,16374,0,0,685,2033,2016,1408,898,643,254,137,134,653,2008,1942,1351,838,619,330,227,198
16704,N.04,12,16700,TANJONG KAPOR,32868,32351,517,0,1326,3653,3986,3025,2218,1494,664,251,156,1194,3466,3728,2817,2064,1489,713,400,224
16805,N.05,12,16800,MATUNGGONG,27546,27546,0,0,1112,3413,3577,2352,1628,979,458,266,162,1082,3327,3384,2150,1466,986,599,358,247
16806,N.06,12,16800,BANDAU,25265,25090,175,0,1087,3412,3345,2064,1375,868,346,168,124,950,3247,3225,1964,1319,883,455,267,166
16807,N.07,12,16800,TANDEK,27924,27922,0,2,1202,3741,3536,2200,1505,1121,530,216,116,1173,3465,3474,2108,1440,988,654,290,165
16908,N.08,12,16900,PINTASAN,15103,15103,0,0,604,1710,1760,1276,895,599,281,119,57,520,1634,1821,1354,964,744,440,213,112
16909,N.09,12,16900,TEMPASUK,16393,16072,321,0,541,1805,1988,1334,1139,663,283,134,71,559,1795,1917,1395,1179,815,406,243,126
16910,N.10,12,16900,USUKAN,23145,22979,165,1,963,2620,2681,2001,1494,1000,305,138,89,864,2650,2759,1976,1571,1156,466,263,149
16911,N.11,12,16900,KADAMAIAN,25244,25243,0,1,848,2761,3100,2147,1762,1218,437,200,70,799,2786,3052,2141,1767,1191,469,341,155
17012,N.12,12,17000,SULAMAN,16944,16943,0,1,657,1892,2115,1413,1086,769,248,87,62,648,1823,2162,1511,1147,794,302,135,93
17013,N.13,12,17000,PANTAI DALIT,24278,24088,190,0,1125,3000,2817,1891,1582,1021,362,109,100,1105,3013,2801,1883,1640,1030,449,217,133
17014,N.14,12,17000,TAMPARULI,25726,25723,3,0,982,2755,3006,2275,1856,1268,440,161,90,864,2672,3028,2256,1868,1228,534,312,131
17015,N.15,12,17000,KIULU,16471,16470,0,1,534,1738,2106,1475,1216,753,318,146,81,547,1717,1930,1380,1139,711,339,213,128
17116,N.16,12,17100,KARAMBUNAI,34670,32492,2174,4,1794,5649,4917,2563,1479,1050,286,102,86,1729,5037,4593,2507,1453,885,298,136,106
17117,N.17,12,17100,DARAU,30711,30710,0,1,1385,4141,3843,2306,1889,1478,446,114,70,1238,4092,3801,2284,1831,1193,398,131,71
17118,N.18,12,17100,INANAM,42989,42974,11,4,1775,5356,5176,3535,2808,2009,653,214,140,1645,5268,5063,3675,2708,1842,668,307,147
17219,N.19,12,17200,LIKAS,19567,19559,6,2,382,1327,1506,1598,1691,1668,922,293,148,358,1326,1536,1805,1842,1749,934,338,144
17220,N.20,12,17200,API-API,19301,19144,154,3,132,1161,2264,1708,1499,1626,862,270,160,126,1038,1980,1624,1742,1736,888,335,150
17221,N.21,12,17200,LUYANG,35191,35000,182,9,766,2810,3503,3197,2579,2389,1311,418,118,697,2752,3372,3543,2901,2749,1519,459,108
17322,N.22,12,17300,TANJUNG ARU,20738,20708,29,1,624,2087,1987,1682,1620,1465,754,209,157,611,1884,1965,1701,1517,1374,704,250,147
17323,N.23,12,17300,PETAGAS,19191,19189,0,2,591,2033,2089,1545,1506,1218,417,106,83,577,1990,2139,1636,1496,1105,399,145,116
17324,N.24,12,17300,TANJUNG KERAMAT,23244,20261,2981,2,976,3976,3692,2016,961,627,198,41,16,872,2925,3313,1805,991,605,173,43,14
17425,N.25,12,17400,KAPAYAN,47605,45264,2336,5,1662,5473,6184,4637,3063,2108,963,243,82,1604,5064,5616,4488,2924,2144,923,329,98
17426,N.26,12,17400,MOYOG,29609,29329,278,2,1086,3386,3336,2736,2142,1398,510,167,90,959,3118,3280,2718,2118,1458,669,285,153
17527,N.27,12,17500,LIMBAHAU,19123,19121,0,2,723,2077,2097,1704,1401,976,398,94,41,735,2033,2115,1693,1404,967,436,159,70
17528,N.28,12,17500,KAWANG,21651,21016,635,0,980,2668,2415,1923,1501,975,309,105,43,931,2630,2366,1845,1462,943,366,134,55
17529,N.29,12,17500,PANTAI MANIS,19168,18977,190,1,631,1960,2028,1826,1459,1012,418,109,57,562,1908,2018,1828,1562,1057,488,165,80
17630,N.30,12,17600,BONGAWAN,22919,22918,0,1,784,2407,2684,2136,1748,1142,444,120,81,727,2272,2677,2121,1752,1088,438,181,117
17631,N.31,12,17600,MEMBAKUT,17844,17825,19,0,574,1813,2040,1731,1384,876,334,119,95,503,1711,2141,1670,1345,870,362,167,109
17732,N.32,12,17700,KLIAS,21840,21661,177,2,635,2067,2349,1996,1831,1333,510,155,69,609,2032,2308,2044,1810,1255,525,216,96
17733,N.33,12,17700,KUALA PENYU,21408,21376,32,0,558,2034,2301,2050,1919,1318,458,162,23,581,1923,2241,2027,1871,1193,501,184,64
17834,N.34,12,17800,LUMADAN,21296,21296,0,0,751,2398,2406,1946,1543,1070,396,150,61,690,2248,2542,1879,1465,1032,426,196,97
17835,N.35,12,17800,SINDUMIN,24575,24428,146,1,876,2903,2913,1981,1892,1381,416,153,69,771,2695,2832,2034,1749,1199,422,201,88
17936,N.36,12,17900,KUNDASANG,23254,23254,0,0,913,3042,3015,1896,1285,887,339,190,139,910,2874,2950,1814,1245,897,419,271,168
17937,N.37,12,17900,KARANAAN,18267,18078,189,0,601,1836,2078,1702,1427,1038,349,143,78,525,1792,2033,1642,1403,967,395,171,87
17938,N.38,12,17900,PAGINATAN,24996,24996,0,0,1102,3362,3293,1994,1328,872,338,125,71,1047,3232,3316,2065,1300,795,387,209,160
18039,N.39,12,18000,TAMBUNAN,27768,27749,19,0,1056,3677,3546,2257,1723,1061,361,128,25,988,3648,3596,2169,1703,1056,497,224,53
18040,N.40,12,18000,BINGKOR,29387,29134,252,1,1173,3658,3454,2544,2078,1264,413,131,79,1034,3563,3427,2571,1940,1196,471,223,168
18041,N.41,12,18000,LIAWAN,30433,30431,0,2,1393,4374,3957,2152,1736,1332,375,115,73,1246,4294,3763,2159,1718,1097,359,166,124
18142,N.42,12,18100,MELALAP,20246,20105,140,1,758,2204,2405,1701,1501,1076,367,121,122,679,2169,2300,1748,1387,977,407,192,132
18143,N.43,12,18100,KEMABONG,21799,21798,0,1,915,2540,2611,1797,1499,878,274,132,101,860,2476,2665,1838,1447,946,364,260,196
18244,N.44,12,18200,TULID,15636,15636,0,0,752,2132,2056,1226,977,541,182,92,39,603,2097,1924,1172,888,476,225,168,86
18245,N.45,12,18200,SOOK,18252,18252,0,0,836,2545,2335,1387,1067,689,191,96,115,792,2517,2165,1292,1011,626,252,175,161
18246,N.46,12,18200,NABAWAN,21784,21773,11,0,1173,3211,2711,1523,985,606,183,113,137,1185,3205,2658,1494,1076,600,330,287,307
18347,N.47,12,18300,TELUPID,13666,13666,0,0,663,1888,1662,1118,891,481,186,66,27,564,1891,1589,1040,797,420,238,95,50
18348,N.48,12,18300,SUGUT,17389,17389,0,0,692,2314,2099,1365,1123,753,327,179,86,674,2156,1917,1257,925,708,420,254,140
18349,N.49,12,18300,LABUK,13672,13495,177,0,540,1747,1767,1182,842,533,192,57,25,541,1732,1718,1182,796,504,204,73,37
18450,N.50,12,18400,GUM-GUM,18685,17962,722,1,763,2304,2322,1731,1254,909,335,118,89,700,1992,2084,1697,1084,740,316,158,89
18451,N.51,12,18400,SUNGAI MANILA,17451,16805,646,0,596,2355,2026,1534,1287,823,333,140,79,585,1913,1760,1447,1227,771,345,151,79
18452,N.52,12,18400,SUNGAI SIBUGA,36196,35628,567,1,1664,5552,4448,2687,1757,1371,528,135,58,1593,5109,4558,2999,1789,1259,490,141,58
18553,N.53,12,18500,SEKONG,25216,25216,0,0,1020,3580,3035,1863,1520,1091,445,165,111,1048,3448,2993,1879,1370,954,401,193,100
18554,N.54,12,18500,KARAMUNTING,18700,17926,774,0,515,1951,2005,1511,1567,1289,557,243,206,490,1581,1730,1473,1393,1097,602,292,198
18655,N.55,12,18600,ELOPURA,38302,38064,237,1,1415,4995,4425,2975,2176,1888,892,338,155,1337,4688,4302,3044,2295,1953,847,418,159
18656,N.56,12,18600,TANJONG PAPAT,17240,17102,134,4,456,1396,1362,1364,1522,1422,691,277,207,444,1323,1327,1350,1455,1469,682,317,176
18757,N.57,12,18700,KUAMUT,17089,17089,0,0,796,2417,2139,1294,996,592,229,120,102,778,2310,1910,1220,928,661,320,189,88
18758,N.58,12,18700,LAMAG,12359,12142,217,0,559,1689,1591,1130,730,507,154,55,40,501,1579,1452,986,695,427,148,67,49
18759,N.59,12,18700,SUKAU,15325,15325,0,0,569,1908,1774,1315,1143,826,275,108,105,550,1757,1708,1195,953,615,289,119,116
18860,N.60,12,18800,TUNGKU,22944,22562,382,0,1006,3534,3253,1662,1271,891,220,87,71,984,3271,2872,1526,1198,677,201,119,101
18861,N.61,12,18800,SEGAMA,27967,27402,565,0,1518,4005,3363,2120,1629,1245,449,143,132,1409,3731,3179,1967,1411,1021,393,157,95
18862,N.62,12,18800,SILAM,26154,25517,637,0,959,3491,3336,2114,1698,1255,492,148,98,884,3270,3245,2079,1533,997,340,128,87
18863,N.63,12,18800,KUNAK,23191,23002,189,0,1094,3258,2877,1627,1335,1114,386,98,68,976,3238,2747,1690,1272,904,294,126,87
18964,N.64,12,18900,SULABAYAN,19419,19419,0,0,778,2214,2041,1658,1326,812,229,175,221,774,2222,2084,1779,1424,866,309,275,232
18965,N.65,12,18900,SENALLANG,19989,19562,427,0,813,2440,2064,1790,1338,931,323,140,132,811,2296,2099,1898,1302,988,318,191,115
18966,N.66,12,18900,BUGAYA,32761,32251,510,0,1711,4886,4077,2462,1760,1042,286,150,119,1677,4715,3932,2457,1686,1059,401,206,135
19067,N.67,12,19000,BALUNG,20744,20744,0,0,813,2510,2548,1544,1406,1195,390,124,69,707,2436,2584,1685,1235,1010,327,103,58
19068,N.68,12,19000,APAS,29728,29261,466,1,1249,4222,3399,2138,1866,1641,577,169,116,1150,3886,3178,2286,1726,1333,496,198,98
19069,N.69,12,19000,SRI TANJONG,37005,36295,706,4,1114,3704,3791,3367,2922,2337,1103,393,205,1100,3443,3457,3348,2776,2191,1128,422,204
19170,N.70,12,19100,KUKUSAN,18507,16796,1707,4,611,2454,2363,1705,1174,949,324,105,68,576,1934,2197,1582,1119,897,305,95,49
19171,N.71,12,19100,TANJUNG BATU,25446,25445,0,1,1158,3723,3574,1865,1119,1065,329,98,14,961,3619,3620,1869,1168,885,276,84,19
19172,N.72,12,19100,MEROTAI,24207,23702,505,0,1015,3464,3066,1853,1296,1167,410,161,94,1017,3204,2845,1803,1241,996,368,128,79
19173,N.73,12,19100,SEBATIK,15810,15278,532,0,557,2297,2259,1204,936,688,205,79,108,560,1998,2135,1146,829,517,144,79,69
19201,N.01,13,19200,OPAR,18525,18524,0,1,653,2068,1886,1755,1529,973,415,79,20,598,2132,1870,1513,1467,895,497,138,37
19202,N.02,13,19200,TASIK BIRU,28646,27996,650,0,981,3130,2846,2467,2561,1802,766,207,48,822,2790,2606,2279,2341,1668,865,378,89
19303,N.03,13,19300,TANJONG DATU,16081,15947,133,1,520,1735,1674,1377,1304,905,445,112,18,508,1663,1633,1326,1232,930,471,179,49
19304,N.04,13,19300,PANTAI DAMAI,37841,37811,28,2,1837,5114,3931,2981,2427,1456,612,161,22,1639,5149,4096,3400,2510,1573,705,183,45
19305,N.05,13,19300,DEMAK LAUT,25618,25618,0,0,1075,3155,2941,2174,1743,1078,474,110,24,949,3149,3005,2211,1740,1097,488,156,49
19406,N.06,13,19400,TUPONG,51773,51728,37,8,2207,7149,6148,4008,3041,1915,837,165,34,2153,6906,6046,4370,3441,2184,830,281,58
19407,N.07,13,19400,SAMARIANG,37898,37888,4,6,1510,4444,4544,3261,2346,1503,633,134,18,1364,4472,4569,3468,2760,1788,810,225,49
19408,N.08,13,19400,SATOK,20138,19255,878,5,522,1673,1880,1779,1824,1301,678,234,59,442,1555,1687,1745,1824,1512,904,394,125
19509,N.09,13,19500,PADUNGAN,25043,24770,271,2,273,896,1350,1760,2376,2860,1861,628,147,247,818,1200,1746,2507,3200,2123,816,235
19510,N.10,13,19500,PENDING,38375,37576,796,3,596,2217,3056,3432,3712,3625,1714,453,107,556,2106,2826,3351,3784,3917,1999,732,192
19511,N.11,13,19500,BATU LINTANG,46292,46200,81,11,1141,3967,4536,4093,3460,2851,1545,563,132,1037,3816,4584,4330,3993,3336,1935,768,205
19612,N.12,13,19600,KOTA SENTOSA,45712,43260,2444,8,1366,5438,5755,4378,2826,2218,1084,308,56,1233,4297,5333,4393,3056,2388,1157,349,77
19613,N.13,13,19600,BATU KITANG,37250,37231,12,7,1432,4235,4120,3383,2646,1718,831,234,58,1267,4158,3941,3495,2647,1803,908,303,71
19614,N.14,13,19600,BATU KAWAH,38047,36998,1043,6,1534,4443,4443,3818,2416,1486,757,180,23,1363,4307,4344,3783,2498,1610,765,229,48
19715,N.15,13,19700,ASAJAYA,18439,18429,10,0,663,1834,1990,1613,1375,985,509,133,30,636,1995,2070,1613,1352,929,480,181,51
19716,N.16,13,19700,MUARA TUANG,31919,31661,256,2,1356,3775,3630,2703,2088,1423,651,164,20,1290,3915,3612,2748,2151,1420,682,258,33
19717,N.17,13,19700,STAKAN,31871,27051,4818,2,1515,5271,4211,2909,1569,798,315,86,18,1443,3925,3994,2890,1587,854,339,130,17
19818,N.18,13,19800,SEREMBU,15906,15901,5,0,520,1761,1689,1386,1335,857,375,105,19,513,1667,1611,1362,1274,815,388,188,41
19819,N.19,13,19800,MAMBONG,33577,32781,794,2,1174,3637,3785,3171,2671,1711,763,176,42,1092,3469,3558,2802,2526,1812,836,261,91
19820,N.20,13,19800,TARAT,30486,30468,18,0,1049,2986,3201,2752,2481,1893,794,203,55,879,2974,3104,2569,2405,1811,915,318,97
19921,N.21,13,19900,TEBEDU,20539,20530,9,0,638,1987,2072,1890,1831,1225,519,146,23,627,1970,2028,1710,1744,1188,671,209,61
19922,N.22,13,19900,KEDUP,19128,19128,0,0,586,1832,2166,1841,1695,1204,440,116,25,593,1866,1885,1503,1512,1109,529,150,76
19923,N.23,13,19900,BUKIT SEMUJA,25606,25457,148,1,871,2722,2686,2248,2099,1494,616,147,28,827,2591,2531,2146,2074,1486,751,233,56
20024,N.24,13,20000,SADONG JAYA,10432,10432,0,0,333,1045,1041,864,890,572,290,73,16,325,1050,1140,890,862,570,338,112,21
20025,N.25,13,20000,SIMUNJAN,12141,12037,104,0,441,1208,1294,959,995,706,325,66,17,403,1267,1289,914,990,727,378,125,37
20026,N.26,13,20000,GEDONG,10067,10065,1,1,345,940,940,898,846,626,294,69,21,329,930,984,852,861,652,336,84,60
20127,N.27,13,20100,SEBUYAU,13780,13777,3,0,445,1428,1471,1187,1154,747,403,81,25,400,1402,1398,1084,1110,830,411,148,56
20128,N.28,13,20100,LINGGA,13955,13951,2,2,417,1455,1385,1100,1204,775,389,101,22,397,1336,1380,1167,1224,893,491,174,45
20129,N.29,13,20100,BETING MARO,15337,15322,14,1,555,1563,1907,1318,1277,731,315,79,23,532,1628,1832,1266,1171,687,319,90,44
20230,N.30,13,20200,BALAI RINGIN,15892,15890,2,0,474,1497,1486,1390,1392,1042,558,129,40,483,1490,1393,1278,1347,1042,577,202,72
20231,N.31,13,20200,BUKIT BEGUNAN,13685,13027,658,0,379,1564,1325,1092,1223,861,462,124,20,355,1152,1163,1062,1129,950,613,168,43
20232,N.32,13,20200,SIMANGGANG,20587,20365,221,1,749,2319,2093,1642,1465,1168,528,172,27,716,2275,2096,1702,1494,1204,662,225,50
20333,N.33,13,20300,ENGKILILI,14725,14710,14,1,412,1289,1325,1259,1425,997,457,163,36,420,1224,1349,1230,1303,951,596,200,89
20334,N.34,13,20300,BATANG AI,14270,14193,77,0,425,1345,1543,1334,1228,880,391,99,29,427,1247,1397,1157,1203,790,508,171,96
20435,N.35,13,20400,SARIBAS,16406,16400,6,0,621,2006,1913,1304,1214,795,305,91,21,565,1874,1880,1309,1186,773,396,111,42
20436,N.36,13,20400,LAYAR,12615,12496,119,0,340,1192,1280,1009,1126,794,414,128,21,359,1114,1213,997,1098,849,499,155,27
20437,N.37,13,20400,BUKIT SABAN,12722,12717,5,0,355,1192,1397,1039,1114,736,379,122,29,355,1195,1300,1020,1026,828,434,163,38
20538,N.38,13,20500,KALAKA,11928,11820,107,1,401,1304,1247,999,948,612,268,64,10,367,1324,1263,942,1003,709,328,113,26
20539,N.39,13,20500,KRIAN,18195,18195,0,0,569,1799,1933,1468,1626,1176,513,123,19,566,1739,1719,1329,1564,1206,630,165,51
20540,N.40,13,20500,KABONG,14408,14396,12,0,532,1583,1539,1188,1122,758,335,69,21,520,1473,1580,1163,1108,856,403,104,54
20641,N.41,13,20600,KUALA RAJANG,18223,18215,8,0,733,2278,2013,1493,1330,806,359,71,21,629,2198,1944,1531,1342,899,412,129,35
20642,N.42,13,20600,SEMOP,14725,14725,0,0,489,1492,1570,1359,1235,778,318,80,30,417,1429,1515,1313,1213,876,411,128,72
20743,N.43,13,20700,DARO,14116,14040,76,0,523,1692,1549,1075,1091,699,299,83,7,481,1669,1618,1079,1015,756,339,101,40
20744,N.44,13,20700,JEMORENG,14174,14173,0,1,470,1599,1496,1176,1118,666,336,88,10,415,1547,1502,1192,1130,839,463,97,30
20845,N.45,13,20800,REPOK,31110,30861,249,0,862,2975,3196,2827,2487,2006,934,261,69,817,2926,3125,2697,2426,1998,1022,372,110
20846,N.46,13,20800,MERADONG,23908,23826,82,0,682,2373,2505,2136,2060,1373,656,200,58,687,2377,2339,1994,1865,1336,771,362,134
20947,N.47,13,20900,PAKAN,14615,14615,0,0,449,1572,1514,1369,1392,787,327,89,36,420,1405,1425,1143,1256,788,385,168,90
20948,N.48,13,20900,MELUAN,20235,20169,66,0,649,2211,2064,1916,1685,1000,528,152,45,676,1947,1956,1810,1506,1035,591,281,183
21049,N.49,13,21000,NGEMAH,14109,14109,0,0,435,1383,1573,1219,1102,849,353,100,31,459,1266,1442,1123,1143,816,478,210,127
21050,N.50,13,21000,MACHAN,16879,16794,85,0,548,1697,1767,1413,1442,1008,402,116,37,504,1681,1688,1336,1354,994,557,227,108
21151,N.51,13,21100,BUKIT ASSEK,34972,34970,0,2,691,2430,2880,3017,2970,2831,1445,379,86,654,2369,2923,3173,3248,3244,1761,680,191
21152,N.52,13,21100,DUDONG,52384,50654,1728,2,2007,7082,5912,4340,3481,2198,1003,252,86,1879,6534,5579,4505,3495,2309,1114,424,184
21253,N.53,13,21200,BAWANG ASSAN,22520,22471,49,0,472,1679,2046,1797,2071,1771,871,280,96,416,1701,2052,1775,2180,1802,940,411,160
21254,N.54,13,21200,PELAWAN,50276,49779,490,7,1548,5400,5968,4716,3638,2388,1015,280,55,1458,5179,5461,4867,3885,2667,1209,440,102
21255,N.55,13,21200,NANGKA,33079,31322,1756,1,1431,4707,3765,2777,1911,1251,546,144,54,1288,3903,3858,2923,2030,1437,719,238,97
21356,N.56,13,21300,DALAT,17822,17748,73,1,622,2037,1758,1517,1501,946,462,131,11,537,1961,1714,1419,1403,1054,602,119,28
21357,N.57,13,21300,TELLIAN,15933,15810,123,0,569,1812,1703,1393,1273,822,382,108,13,540,1678,1604,1314,1164,833,513,169,43
21358,N.58,13,21300,BALINGIAN,13209,13203,6,0,452,1396,1506,1210,1062,700,302,72,19,408,1368,1449,1093,954,694,376,102,46
21459,N.59,13,21400,TAMIN,23320,23305,15,0,894,2497,2365,2093,1879,1181,476,196,51,784,2464,2294,2073,1834,1134,621,310,174
21460,N.60,13,21400,KAKUS,22423,22352,71,0,952,2612,2519,1944,1685,1118,501,144,44,810,2373,2299,1941,1621,1027,554,160,119
21561,N.61,13,21500,PELAGUS,11538,11538,0,0,419,1358,1288,969,860,544,244,78,30,448,1185,1245,932,881,486,335,158,78
21562,N.62,13,21500,KATIBAS,15866,15795,71,0,509,1608,1858,1386,1237,845,389,110,47,467,1479,1627,1259,1251,899,513,270,112
21563,N.63,13,21500,BUKIT GORAM,17806,17693,112,1,623,1914,1850,1468,1364,832,400,120,45,602,1908,1904,1534,1483,915,528,202,114
21664,N.64,13,21600,BALEH,15555,15555,0,0,611,1712,1904,1289,1092,764,375,135,67,521,1558,1578,1195,1071,727,505,303,148
21665,N.65,13,21600,BELAGA,12185,12106,79,0,430,1426,1316,1076,981,591,262,99,72,424,1260,1215,963,907,618,271,152,122
21666,N.66,13,21600,MURUM,15698,15698,0,0,657,1996,1631,1290,1161,674,326,139,87,638,1915,1569,1275,1074,670,321,167,108
21767,N.67,13,21700,JEPAK,22534,22491,43,0,836,2549,2338,1993,1787,1314,479,101,23,869,2375,2197,1908,1774,1188,552,168,83
21768,N.68,13,21700,TANJONG BATU,37819,37472,344,3,1496,5027,4266,2803,2751,2010,621,131,19,1475,4675,4195,3009,2834,1754,550,172,31
21769,N.69,13,21700,KEMENA,22402,22402,0,0,766,2409,2323,1966,1860,1237,605,155,55,714,2232,2231,1920,1757,1133,661,228,150
21770,N.70,13,21700,SAMALAJU,30844,30382,462,0,1336,4463,3579,2344,2148,1444,408,80,34,1324,4213,3405,2439,2061,1046,365,109,46
21871,N.71,13,21800,BEKENU,19987,19953,34,0,648,1981,2042,1695,1606,1543,702,164,45,555,1838,2074,1584,1413,1259,601,178,59
21872,N.72,13,21800,LAMBIR,38535,37791,741,3,1477,5323,4881,3142,2382,1642,700,138,40,1362,4868,4713,3132,2355,1555,614,165,46
21973,N.73,13,21900,PIASAU,30781,30287,494,0,764,2583,2787,2280,2357,2535,1395,437,188,731,2365,2594,2347,2611,2642,1391,584,190
21974,N.74,13,21900,PUJUT,43884,43877,0,7,1108,4273,4846,3796,3363,2890,1149,297,79,1058,4065,4718,3986,3624,2946,1165,392,129
21975,N.75,13,21900,SENADIN,68564,68013,549,2,3131,9588,8167,5520,4122,2624,931,179,33,2867,9439,8042,5918,4504,2368,866,207,58
22076,N.76,13,22000,MARUDI,25413,25340,72,1,823,2596,2717,2213,2064,1572,645,261,112,742,2274,2444,2122,2016,1510,794,312,196
22077,N.77,13,22000,TELANG USAN,18062,18055,7,0,614,1835,1886,1601,1535,1086,433,248,217,577,1556,1602,1408,1418,1050,462,288,246
22078,N.78,13,22000,MULU,16060,16060,0,0,525,1641,1605,1385,1373,1028,433,211,117,493,1487,1387,1209,1333,907,468,275,183
22179,N.79,13,22100,BUKIT KOTA,26864,26508,356,0,952,2865,3014,2227,1916,1814,648,184,63,888,2797,2882,2323,1895,1405,637,270,84
22180,N.80,13,22100,BATU DANAU,15135,15129,4,2,528,1528,1686,1353,1210,957,365,96,38,477,1487,1617,1278,1188,798,356,125,48
22281,N.81,13,22200,BA'KELALAN,13793,13793,0,0,539,1628,1548,1231,1157,750,264,97,39,458,1505,1372,1047,1002,689,287,131,49
22282,N.82,13,22200,BUKIT SARI,19862,19760,102,0,706,2249,2236,1748,1431,1172,452,119,57,680,2105,2143,1678,1339,1050,456,183,58
